Workbook

Sheet README
A1: Kota TPS Performance Analysis — Cleaned Workbook
A2: Source | B2: National Power Portal (NPP) Report 02 daily generation reports
A3: Analysis Period | B3: 06-Jun-2026 to 20-Jul-2026 (45 days)
A4: Station | B4: KOTA TPS (1240 MW, 7 units: 2x110, 3x210, 2x195 MW)
A5: Purpose | B5: Consolidated, analysis-ready station-level and unit-level dataset for Excel, SQL, Python and Power BI.
A6: Sheet guide
A7: Master_Data | B7: Original raw extract — untouched. Keep as the audit trail.
A8: Unit_Daily | B8: One row per unit per day (315 rows), with derived KPI columns.
A9: Station_Daily | B9: One row per day for the whole station (45 rows), with derived KPI columns.
A10: Unit_Reference | B10: Static capacity reference per unit.
A11: Data_Dictionary | B11: Every column explained: meaning, unit, how it is calculated.
A12: Data_Quality | B12: Parsing/extraction checks carried over from the raw file.
A13: Pivot_PLF_by_Phase | B13: Unit PLF grouped by the three operating phases.
A14: Pivot_Outage_Loss | B14: Estimated energy loss (MU) by outage cause.
A15: Important | B15: Program Achievement is NOT thermal efficiency. Heat rate / fuel data is not present in Report 02, so true thermal efficiency cannot be calculated from this dataset.
A16: Data Integrity | B16: Raw source values are retained unchanged in Master_Data. Every KPI in Unit_Daily/Station_Daily is a live formula, not a typed-in number.
A17: Estimated Outage Loss | B17: Est_Loss_MU is an ANALYST ESTIMATE: each unit's own non-outage daily average minus its actual generation on outage days. It is not an official utility figure.

Sheet Master_Data
A1: Date | B1: Power Station | C1: Record Type | D1: Unit | E1: Status | F1: Monitored Capacity (MW) | G1: Today's Program (MU) | H1: Today's Actual (MU) | I1: April 1 Till Date Program (MU) | J1: April 1 Till Date Actual (MU) | K1: Coal Stock (Days) | L1: Capacity Under Outage (MW) | M1: Outage Date | N1: Expected/Sync Date | O1: Remarks | P1: Generation Variance (MU) | Q1: Program Achievement (%) | R1: Source File
A2: 46179 | B2: KOTA TPS | C2: Station | F2: 1240 | G2: 23.96 | H2: 22.22 | I2: 1596.76 | J2: 1148.25 | K2: 15 | L2: 0 | P2: -1.74 | Q2: 0.92737896 | R2: dgr2-2026-06-06.xls
A3: 46179 | B3: KOTA TPS | C3: Unit | D3: 1 | F3: 110 | G3: 1.93 | H3: 1.62 | I3: 130.58 | J3: 92.61 | L3: 0 | P3: -0.31 | Q3: 0.83937824 | R3: dgr2-2026-06-06.xls
A4: 46179 | B4: KOTA TPS | C4: Unit | D4: 2 | F4: 110 | G4: 1.93 | H4: 1.66 | I4: 130.58 | J4: 96.36 | L4: 0 | P4: -0.27 | Q4: 0.86010363 | R4: dgr2-2026-06-06.xls
A5: 46179 | B5: KOTA TPS | C5: Unit | D5: 3 | F5: 210 | G5: 3.9 | H5: 3.67 | I5: 264.4 | J5: 207.76 | L5: 0 | P5: -0.23 | Q5: 0.94102564 | R5: dgr2-2026-06-06.xls
A6: 46179 | B6: KOTA TPS | C6: Unit | D6: 4 | F6: 210 | G6: 4 | H6: 3.75 | I6: 262 | J6: 64.96 | L6: 0 | P6: -0.25 | Q6: 0.9375 | R6: dgr2-2026-06-06.xls
A7: 46179 | B7: KOTA TPS | C7: Unit | D7: 5 | F7: 210 | G7: 4 | H7: 3.85 | I7: 266 | J7: 198.7 | L7: 0 | P7: -0.15 | Q7: 0.9625 | R7: dgr2-2026-06-06.xls
A8: 46179 | B8: KOTA TPS | C8: Unit | D8: 6 | F8: 195 | G8: 4.1 | H8: 3.85 | I8: 272.6 | J8: 264.8 | L8: 0 | P8: -0.25 | Q8: 0.93902439 | R8: dgr2-2026-06-06.xls
A9: 46179 | B9: KOTA TPS | C9: Unit | D9: 7 | F9: 195 | G9: 4.1 | H9: 3.82 | I9: 270.6 | J9: 223.06 | L9: 0 | P9: -0.28 | Q9: 0.93170732 | R9: dgr2-2026-06-06.xls
A10: 46180 | B10: KOTA TPS | C10: Station | F10: 1240 | G10: 23.96 | H10: 21.88 | I10: 1620.72 | J10: 1170.13 | K10: 14 | L10: 0 | P10: -2.08 | Q10: 0.91318865 | R10: dgr2-2026-06-07.xls
A11: 46180 | B11: KOTA TPS | C11: Unit | D11: 1 | F11: 110 | G11: 1.93 | H11: 1.61 | I11: 132.51 | J11: 94.22 | L11: 0 | P11: -0.32 | Q11: 0.83419689 | R11: dgr2-2026-06-07.xls
A12: 46180 | B12: KOTA TPS | C12: Unit | D12: 2 | F12: 110 | G12: 1.93 | H12: 1.58 | I12: 132.51 | J12: 97.94 | L12: 0 | P12: -0.35 | Q12: 0.81865285 | R12: dgr2-2026-06-07.xls
A13: 46180 | B13: KOTA TPS | C13: Unit | D13: 3 | F13: 210 | G13: 3.9 | H13: 3.59 | I13: 268.3 | J13: 211.35 | L13: 0 | P13: -0.31 | Q13: 0.92051282 | R13: dgr2-2026-06-07.xls
A14: 46180 | B14: KOTA TPS | C14: Unit | D14: 4 | F14: 210 | G14: 4 | H14: 3.61 | I14: 266 | J14: 68.57 | L14: 0 | P14: -0.39 | Q14: 0.9025 | R14: dgr2-2026-06-07.xls
A15: 46180 | B15: KOTA TPS | C15: Unit | D15: 5 | F15: 210 | G15: 4 | H15: 3.83 | I15: 270 | J15: 202.53 | L15: 0 | P15: -0.17 | Q15: 0.9575 | R15: dgr2-2026-06-07.xls
A16: 46180 | B16: KOTA TPS | C16: Unit | D16: 6 | F16: 195 | G16: 4.1 | H16: 3.85 | I16: 276.7 | J16: 268.65 | L16: 0 | P16: -0.25 | Q16: 0.93902439 | R16: dgr2-2026-06-07.xls
A17: 46180 | B17: KOTA TPS | C17: Unit | D17: 7 | F17: 195 | G17: 4.1 | H17: 3.81 | I17: 274.7 | J17: 226.87 | L17: 0 | P17: -0.29 | Q17: 0.92926829 | R17: dgr2-2026-06-07.xls
A18: 46181 | B18: KOTA TPS | C18: Station | F18: 1240 | G18: 23.96 | H18: 21.95 | I18: 1644.68 | J18: 1192.08 | K18: 14 | L18: 0 | P18: -2.01 | Q18: 0.91611018 | R18: dgr2-2026-06-08.xls
A19: 46181 | B19: KOTA TPS | C19: Unit | D19: 1 | F19: 110 | G19: 1.93 | H19: 1.55 | I19: 134.44 | J19: 95.77 | L19: 0 | P19: -0.38 | Q19: 0.80310881 | R19: dgr2-2026-06-08.xls
A20: 46181 | B20: KOTA TPS | C20: Unit | D20: 2 | F20: 110 | G20: 1.93 | H20: 1.6 | I20: 134.44 | J20: 99.54 | L20: 0 | P20: -0.33 | Q20: 0.82901554 | R20: dgr2-2026-06-08.xls
A21: 46181 | B21: KOTA TPS | C21: Unit | D21: 3 | F21: 210 | G21: 3.9 | H21: 3.61 | I21: 272.2 | J21: 214.96 | L21: 0 | P21: -0.29 | Q21: 0.92564103 | R21: dgr2-2026-06-08.xls
A22: 46181 | B22: KOTA TPS | C22: Unit | D22: 4 | F22: 210 | G22: 4 | H22: 3.67 | I22: 270 | J22: 72.24 | L22: 0 | P22: -0.33 | Q22: 0.9175 | R22: dgr2-2026-06-08.xls
A23: 46181 | B23: KOTA TPS | C23: Unit | D23: 5 | F23: 210 | G23: 4 | H23: 3.85 | I23: 274 | J23: 206.38 | L23: 0 | P23: -0.15 | Q23: 0.9625 | R23: dgr2-2026-06-08.xls
A24: 46181 | B24: KOTA TPS | C24: Unit | D24: 6 | F24: 195 | G24: 4.1 | H24: 3.84 | I24: 280.8 | J24: 272.49 | L24: 0 | P24: -0.26 | Q24: 0.93658537 | R24: dgr2-2026-06-08.xls
A25: 46181 | B25: KOTA TPS | C25: Unit | D25: 7 | F25: 195 | G25: 4.1 | H25: 3.83 | I25: 278.8 | J25: 230.7 | L25: 0 | P25: -0.27 | Q25: 0.93414634 | R25: dgr2-2026-06-08.xls
A26: 46182 | B26: KOTA TPS | C26: Station | F26: 1240 | G26: 23.96 | H26: 22.45 | I26: 1668.64 | J26: 1214.53 | K26: 14 | L26: 0 | P26: -1.51 | Q26: 0.9369783 | R26: dgr2-2026-06-09.xls
A27: 46182 | B27: KOTA TPS | C27: Unit | D27: 1 | F27: 110 | G27: 1.93 | H27: 1.63 | I27: 136.37 | J27: 97.4 | L27: 0 | P27: -0.3 | Q27: 0.84455959 | R27: dgr2-2026-06-09.xls
A28: 46182 | B28: KOTA TPS | C28: Unit | D28: 2 | F28: 110 | G28: 1.93 | H28: 1.74 | I28: 136.37 | J28: 101.28 | L28: 0 | P28: -0.19 | Q28: 0.9015544 | R28: dgr2-2026-06-09.xls
A29: 46182 | B29: KOTA TPS | C29: Unit | D29: 3 | F29: 210 | G29: 3.9 | H29: 3.72 | I29: 276.1 | J29: 218.68 | L29: 0 | P29: -0.18 | Q29: 0.95384615 | R29: dgr2-2026-06-09.xls
A30: 46182 | B30: KOTA TPS | C30: Unit | D30: 4 | F30: 210 | G30: 4 | H30: 3.81 | I30: 274 | J30: 76.05 | L30: 0 | P30: -0.19 | Q30: 0.9525 | R30: dgr2-2026-06-09.xls
A31: 46182 | B31: KOTA TPS | C31: Unit | D31: 5 | F31: 210 | G31: 4 | H31: 3.89 | I31: 278 | J31: 210.27 | L31: 0 | P31: -0.11 | Q31: 0.9725 | R31: dgr2-2026-06-09.xls
A32: 46182 | B32: KOTA TPS | C32: Unit | D32: 6 | F32: 195 | G32: 4.1 | H32: 3.85 | I32: 284.9 | J32: 276.34 | L32: 0 | P32: -0.25 | Q32: 0.93902439 | R32: dgr2-2026-06-09.xls
A33: 46182 | B33: KOTA TPS | C33: Unit | D33: 7 | F33: 195 | G33: 4.1 | H33: 3.81 | I33: 282.9 | J33: 234.51 | L33: 0 | P33: -0.29 | Q33: 0.92926829 | R33: dgr2-2026-06-09.xls
A34: 46183 | B34: KOTA TPS | C34: Station | F34: 1240 | G34: 23.96 | H34: 22.6 | I34: 1692.6 | J34: 1237.13 | K34: 14 | L34: 0 | P34: -1.36 | Q34: 0.94323873 | R34: dgr2-2026-06-10.xls
A35: 46183 | B35: KOTA TPS | C35: Unit | D35: 1 | F35: 110 | G35: 1.93 | H35: 1.65 | I35: 138.3 | J35: 99.05 | L35: 0 | P35: -0.28 | Q35: 0.85492228 | R35: dgr2-2026-06-10.xls
A36: 46183 | B36: KOTA TPS | C36: Unit | D36: 2 | F36: 110 | G36: 1.93 | H36: 1.71 | I36: 138.3 | J36: 102.99 | L36: 0 | P36: -0.22 | Q36: 0.88601036 | R36: dgr2-2026-06-10.xls
A37: 46183 | B37: KOTA TPS | C37: Unit | D37: 3 | F37: 210 | G37: 3.9 | H37: 3.74 | I37: 280 | J37: 222.42 | L37: 0 | P37: -0.16 | Q37: 0.95897436 | R37: dgr2-2026-06-10.xls
A38: 46183 | B38: KOTA TPS | C38: Unit | D38: 4 | F38: 210 | G38: 4 | H38: 3.69 | I38: 278 | J38: 79.74 | L38: 0 | P38: -0.31 | Q38: 0.9225 | R38: dgr2-2026-06-10.xls
A39: 46183 | B39: KOTA TPS | C39: Unit | D39: 5 | F39: 210 | G39: 4 | H39: 3.95 | I39: 282 | J39: 214.22 | L39: 0 | P39: -0.05 | Q39: 0.9875 | R39: dgr2-2026-06-10.xls
A40: 46183 | B40: KOTA TPS | C40: Unit | D40: 6 | F40: 195 | G40: 4.1 | H40: 3.85 | I40: 289 | J40: 280.19 | L40: 0 | P40: -0.25 | Q40: 0.93902439 | R40: dgr2-2026-06-10.xls
A41: 46183 | B41: KOTA TPS | C41: Unit | D41: 7 | F41: 195 | G41: 4.1 | H41: 4.01 | I41: 287 | J41: 238.52 | L41: 0 | P41: -0.09 | Q41: 0.97804878 | R41: dgr2-2026-06-10.xls
A42: 46184 | B42: KOTA TPS | C42: Station | F42: 1240 | G42: 23.96 | H42: 22.28 | I42: 1716.56 | J42: 1259.41 | K42: 14 | L42: 0 | P42: -1.68 | Q42: 0.92988314 | R42: dgr2-2026-06-11.xls
A43: 46184 | B43: KOTA TPS | C43: Unit | D43: 1 | F43: 110 | G43: 1.93 | H43: 1.65 | I43: 140.23 | J43: 100.7 | L43: 0 | P43: -0.28 | Q43: 0.85492228 | R43: dgr2-2026-06-11.xls
A44: 46184 | B44: KOTA TPS | C44: Unit | D44: 2 | F44: 110 | G44: 1.93 | H44: 1.7 | I44: 140.23 | J44: 104.69 | L44: 0 | P44: -0.23 | Q44: 0.88082902 | R44: dgr2-2026-06-11.xls
A45: 46184 | B45: KOTA TPS | C45: Unit | D45: 3 | F45: 210 | G45: 3.9 | H45: 3.7 | I45: 283.9 | J45: 226.12 | L45: 0 | P45: -0.2 | Q45: 0.94871795 | R45: dgr2-2026-06-11.xls
A46: 46184 | B46: KOTA TPS | C46: Unit | D46: 4 | F46: 210 | G46: 4 | H46: 3.38 | I46: 282 | J46: 83.12 | L46: 0 | P46: -0.62 | Q46: 0.845 | R46: dgr2-2026-06-11.xls
A47: 46184 | B47: KOTA TPS | C47: Unit | D47: 5 | F47: 210 | G47: 4 | H47: 3.99 | I47: 286 | J47: 218.21 | L47: 0 | P47: -0.01 | Q47: 0.9975 | R47: dgr2-2026-06-11.xls
A48: 46184 | B48: KOTA TPS | C48: Unit | D48: 6 | F48: 195 | G48: 4.1 | H48: 3.84 | I48: 293.1 | J48: 284.03 | L48: 0 | P48: -0.26 | Q48: 0.93658537 | R48: dgr2-2026-06-11.xls
A49: 46184 | B49: KOTA TPS | C49: Unit | D49: 7 | F49: 195 | G49: 4.1 | H49: 4.02 | I49: 291.1 | J49: 242.54 | L49: 0 | P49: -0.08 | Q49: 0.9804878 | R49: dgr2-2026-06-11.xls
A50: 46185 | B50: KOTA TPS | C50: Station | F50: 1240 | G50: 23.96 | H50: 21.58 | I50: 1740.52 | J50: 1280.99 | K50: 14 | L50: 0 | P50: -2.38 | Q50: 0.90066778 | R50: dgr2-2026-06-12.xls
A51: 46185 | B51: KOTA TPS | C51: Unit | D51: 1 | F51: 110 | G51: 1.93 | H51: 1.56 | I51: 142.16 | J51: 102.26 | L51: 0 | P51: -0.37 | Q51: 0.80829016 | R51: dgr2-2026-06-12.xls
A52: 46185 | B52: KOTA TPS | C52: Unit | D52: 2 | F52: 110 | G52: 1.93 | H52: 1.59 | I52: 142.16 | J52: 106.28 | L52: 0 | P52: -0.34 | Q52: 0.8238342 | R52: dgr2-2026-06-12.xls
A53: 46185 | B53: KOTA TPS | C53: Unit | D53: 3 | F53: 210 | G53: 3.9 | H53: 3.56 | I53: 287.8 | J53: 229.68 | L53: 0 | P53: -0.34 | Q53: 0.91282051 | R53: dgr2-2026-06-12.xls
A54: 46185 | B54: KOTA TPS | C54: Unit | D54: 4 | F54: 210 | G54: 4 | H54: 3.38 | I54: 286 | J54: 86.5 | L54: 0 | P54: -0.62 | Q54: 0.845 | R54: dgr2-2026-06-12.xls
A55: 46185 | B55: KOTA TPS | C55: Unit | D55: 5 | F55: 210 | G55: 4 | H55: 3.83 | I55: 290 | J55: 222.04 | L55: 0 | P55: -0.17 | Q55: 0.9575 | R55: dgr2-2026-06-12.xls
A56: 46185 | B56: KOTA TPS | C56: Unit | D56: 6 | F56: 195 | G56: 4.1 | H56: 3.84 | I56: 297.2 | J56: 287.87 | L56: 0 | P56: -0.26 | Q56: 0.93658537 | R56: dgr2-2026-06-12.xls
A57: 46185 | B57: KOTA TPS | C57: Unit | D57: 7 | F57: 195 | G57: 4.1 | H57: 3.82 | I57: 295.2 | J57: 246.36 | L57: 0 | P57: -0.28 | Q57: 0.93170732 | R57: dgr2-2026-06-12.xls
A58: 46186 | B58: KOTA TPS | C58: Station | F58: 1240 | G58: 23.96 | H58: 21.74 | I58: 1764.48 | J58: 1302.73 | K58: 14 | L58: 0 | P58: -2.22 | Q58: 0.90734558 | R58: dgr2-2026-06-13.xls
A59: 46186 | B59: KOTA TPS | C59: Unit | D59: 1 | F59: 110 | G59: 1.93 | H59: 1.57 | I59: 144.09 | J59: 103.83 | L59: 0 | P59: -0.36 | Q59: 0.8134715 | R59: dgr2-2026-06-13.xls
A60: 46186 | B60: KOTA TPS | C60: Unit | D60: 2 | F60: 110 | G60: 1.93 | H60: 1.59 | I60: 144.09 | J60: 107.87 | L60: 0 | P60: -0.34 | Q60: 0.8238342 | R60: dgr2-2026-06-13.xls
A61: 46186 | B61: KOTA TPS | C61: Unit | D61: 3 | F61: 210 | G61: 3.9 | H61: 3.61 | I61: 291.7 | J61: 233.29 | L61: 0 | P61: -0.29 | Q61: 0.92564103 | R61: dgr2-2026-06-13.xls
A62: 46186 | B62: KOTA TPS | C62: Unit | D62: 4 | F62: 210 | G62: 4 | H62: 3.38 | I62: 290 | J62: 89.88 | L62: 0 | P62: -0.62 | Q62: 0.845 | R62: dgr2-2026-06-13.xls
A63: 46186 | B63: KOTA TPS | C63: Unit | D63: 5 | F63: 210 | G63: 4 | H63: 3.88 | I63: 294 | J63: 225.92 | L63: 0 | P63: -0.12 | Q63: 0.97 | R63: dgr2-2026-06-13.xls
A64: 46186 | B64: KOTA TPS | C64: Unit | D64: 6 | F64: 195 | G64: 4.1 | H64: 3.84 | I64: 301.3 | J64: 291.71 | L64: 0 | P64: -0.26 | Q64: 0.93658537 | R64: dgr2-2026-06-13.xls
A65: 46186 | B65: KOTA TPS | C65: Unit | D65: 7 | F65: 195 | G65: 4.1 | H65: 3.87 | I65: 299.3 | J65: 250.23 | L65: 0 | P65: -0.23 | Q65: 0.94390244 | R65: dgr2-2026-06-13.xls
A66: 46187 | B66: KOTA TPS | C66: Station | F66: 1240 | G66: 23.96 | H66: 21.02 | I66: 1788.44 | J66: 1323.75 | K66: 13 | L66: 0 | P66: -2.94 | Q66: 0.87729549 | R66: dgr2-2026-06-14.xls
A67: 46187 | B67: KOTA TPS | C67: Unit | D67: 1 | F67: 110 | G67: 1.93 | H67: 1.48 | I67: 146.02 | J67: 105.31 | L67: 0 | P67: -0.45 | Q67: 0.76683938 | R67: dgr2-2026-06-14.xls
A68: 46187 | B68: KOTA TPS | C68: Unit | D68: 2 | F68: 110 | G68: 1.93 | H68: 1.48 | I68: 146.02 | J68: 109.35 | L68: 0 | P68: -0.45 | Q68: 0.76683938 | R68: dgr2-2026-06-14.xls
A69: 46187 | B69: KOTA TPS | C69: Unit | D69: 3 | F69: 210 | G69: 3.9 | H69: 3.44 | I69: 295.6 | J69: 236.73 | L69: 0 | P69: -0.46 | Q69: 0.88205128 | R69: dgr2-2026-06-14.xls
A70: 46187 | B70: KOTA TPS | C70: Unit | D70: 4 | F70: 210 | G70: 4 | H70: 3.38 | I70: 294 | J70: 93.26 | L70: 0 | P70: -0.62 | Q70: 0.845 | R70: dgr2-2026-06-14.xls
A71: 46187 | B71: KOTA TPS | C71: Unit | D71: 5 | F71: 210 | G71: 4 | H71: 3.67 | I71: 298 | J71: 229.59 | L71: 0 | P71: -0.33 | Q71: 0.9175 | R71: dgr2-2026-06-14.xls
A72: 46187 | B72: KOTA TPS | C72: Unit | D72: 6 | F72: 195 | G72: 4.1 | H72: 3.85 | I72: 305.4 | J72: 295.56 | L72: 0 | P72: -0.25 | Q72: 0.93902439 | R72: dgr2-2026-06-14.xls
A73: 46187 | B73: KOTA TPS | C73: Unit | D73: 7 | F73: 195 | G73: 4.1 | H73: 3.72 | I73: 303.4 | J73: 253.95 | L73: 0 | P73: -0.38 | Q73: 0.90731707 | R73: dgr2-2026-06-14.xls
A74: 46188 | B74: KOTA TPS | C74: Station | F74: 1240 | G74: 19.96 | H74: 21.3 | I74: 1808.4 | J74: 1345.05 | K74: 13 | L74: 0 | P74: 1.34 | Q74: 1.0671343 | R74: dgr2-2026-06-15.xls
A75: 46188 | B75: KOTA TPS | C75: Unit | D75: 1 | F75: 110 | G75: 1.93 | H75: 1.54 | I75: 147.95 | J75: 106.85 | L75: 0 | P75: -0.39 | Q75: 0.79792746 | R75: dgr2-2026-06-15.xls
A76: 46188 | B76: KOTA TPS | C76: Unit | D76: 2 | F76: 110 | G76: 1.93 | H76: 1.56 | I76: 147.95 | J76: 110.91 | L76: 0 | P76: -0.37 | Q76: 0.80829016 | R76: dgr2-2026-06-15.xls
A77: 46188 | B77: KOTA TPS | C77: Unit | D77: 3 | F77: 210 | G77: 3.9 | H77: 3.5 | I77: 299.5 | J77: 240.23 | L77: 0 | P77: -0.4 | Q77: 0.8974359 | R77: dgr2-2026-06-15.xls
A78: 46188 | B78: KOTA TPS | C78: Unit | D78: 4 | F78: 210 | G78: 0 | H78: 3.38 | I78: 294 | J78: 96.64 | L78: 0 | P78: 3.38 | R78: dgr2-2026-06-15.xls
A79: 46188 | B79: KOTA TPS | C79: Unit | D79: 5 | F79: 210 | G79: 4 | H79: 3.75 | I79: 302 | J79: 233.34 | L79: 0 | P79: -0.25 | Q79: 0.9375 | R79: dgr2-2026-06-15.xls
A80: 46188 | B80: KOTA TPS | C80: Unit | D80: 6 | F80: 195 | G80: 4.1 | H80: 3.85 | I80: 309.5 | J80: 299.41 | L80: 0 | P80: -0.25 | Q80: 0.93902439 | R80: dgr2-2026-06-15.xls
A81: 46188 | B81: KOTA TPS | C81: Unit | D81: 7 | F81: 195 | G81: 4.1 | H81: 3.72 | I81: 307.5 | J81: 257.67 | L81: 0 | P81: -0.38 | Q81: 0.90731707 | R81: dgr2-2026-06-15.xls
A82: 46189 | B82: KOTA TPS | C82: Station | F82: 1240 | G82: 19.96 | H82: 22.49 | I82: 1828.36 | J82: 1367.54 | K82: 13 | L82: 0 | P82: 2.53 | Q82: 1.1267535 | R82: dgr2-2026-06-16.xls
A83: 46189 | B83: KOTA TPS | C83: Unit | D83: 1 | F83: 110 | G83: 1.93 | H83: 1.68 | I83: 149.88 | J83: 108.53 | L83: 0 | P83: -0.25 | Q83: 0.87046632 | R83: dgr2-2026-06-16.xls
A84: 46189 | B84: KOTA TPS | C84: Unit | D84: 2 | F84: 110 | G84: 1.93 | H84: 1.73 | I84: 149.88 | J84: 112.64 | L84: 0 | P84: -0.2 | Q84: 0.89637306 | R84: dgr2-2026-06-16.xls
A85: 46189 | B85: KOTA TPS | C85: Unit | D85: 3 | F85: 210 | G85: 3.9 | H85: 3.79 | I85: 303.4 | J85: 244.02 | L85: 0 | P85: -0.11 | Q85: 0.97179487 | R85: dgr2-2026-06-16.xls
A86: 46189 | B86: KOTA TPS | C86: Unit | D86: 4 | F86: 210 | G86: 0 | H86: 3.38 | I86: 294 | J86: 100.02 | L86: 0 | P86: 3.38 | R86: dgr2-2026-06-16.xls
A87: 46189 | B87: KOTA TPS | C87: Unit | D87: 5 | F87: 210 | G87: 4 | H87: 4.03 | I87: 306 | J87: 237.37 | L87: 0 | P87: 0.03 | Q87: 1.0075 | R87: dgr2-2026-06-16.xls
A88: 46189 | B88: KOTA TPS | C88: Unit | D88: 6 | F88: 195 | G88: 4.1 | H88: 3.85 | I88: 313.6 | J88: 303.26 | L88: 0 | P88: -0.25 | Q88: 0.93902439 | R88: dgr2-2026-06-16.xls
A89: 46189 | B89: KOTA TPS | C89: Unit | D89: 7 | F89: 195 | G89: 4.1 | H89: 4.03 | I89: 311.6 | J89: 261.7 | L89: 0 | P89: -0.07 | Q89: 0.98292683 | R89: dgr2-2026-06-16.xls
A90: 46190 | B90: KOTA TPS | C90: Station | F90: 1240 | G90: 19.96 | H90: 22.35 | I90: 1848.32 | J90: 1389.89 | K90: 13 | L90: 0 | P90: 2.39 | Q90: 1.1197395 | R90: dgr2-2026-06-17.xls
A91: 46190 | B91: KOTA TPS | C91: Unit | D91: 1 | F91: 110 | G91: 1.93 | H91: 1.6 | I91: 151.81 | J91: 110.13 | L91: 0 | P91: -0.33 | Q91: 0.82901554 | R91: dgr2-2026-06-17.xls
A92: 46190 | B92: KOTA TPS | C92: Unit | D92: 2 | F92: 110 | G92: 1.93 | H92: 1.66 | I92: 151.81 | J92: 114.3 | L92: 0 | P92: -0.27 | Q92: 0.86010363 | R92: dgr2-2026-06-17.xls
A93: 46190 | B93: KOTA TPS | C93: Unit | D93: 3 | F93: 210 | G93: 3.9 | H93: 3.72 | I93: 307.3 | J93: 247.74 | L93: 0 | P93: -0.18 | Q93: 0.95384615 | R93: dgr2-2026-06-17.xls
A94: 46190 | B94: KOTA TPS | C94: Unit | D94: 4 | F94: 210 | G94: 0 | H94: 3.52 | I94: 294 | J94: 103.54 | L94: 0 | P94: 3.52 | R94: dgr2-2026-06-17.xls
A95: 46190 | B95: KOTA TPS | C95: Unit | D95: 5 | F95: 210 | G95: 4 | H95: 4.04 | I95: 310 | J95: 241.41 | L95: 0 | P95: 0.04 | Q95: 1.01 | R95: dgr2-2026-06-17.xls
A96: 46190 | B96: KOTA TPS | C96: Unit | D96: 6 | F96: 195 | G96: 4.1 | H96: 3.85 | I96: 317.7 | J96: 307.11 | L96: 0 | P96: -0.25 | Q96: 0.93902439 | R96: dgr2-2026-06-17.xls
A97: 46190 | B97: KOTA TPS | C97: Unit | D97: 7 | F97: 195 | G97: 4.1 | H97: 3.96 | I97: 315.7 | J97: 265.66 | L97: 0 | P97: -0.14 | Q97: 0.96585366 | R97: dgr2-2026-06-17.xls
A98: 46191 | B98: KOTA TPS | C98: Station | F98: 1240 | G98: 19.96 | H98: 23.1 | I98: 1868.28 | J98: 1412.99 | K98: 13 | L98: 0 | P98: 3.14 | Q98: 1.1573146 | R98: dgr2-2026-06-18.xls
A99: 46191 | B99: KOTA TPS | C99: Unit | D99: 1 | F99: 110 | G99: 1.93 | H99: 1.61 | I99: 153.74 | J99: 111.74 | L99: 0 | P99: -0.32 | Q99: 0.83419689 | R99: dgr2-2026-06-18.xls
A100: 46191 | B100: KOTA TPS | C100: Unit | D100: 2 | F100: 110 | G100: 1.93 | H100: 1.77 | I100: 153.74 | J100: 116.07 | L100: 0 | P100: -0.16 | Q100: 0.91709845 | R100: dgr2-2026-06-18.xls
...

Sheet Unit_Daily
A1: Date | B1: Unit | C1: Unit_Label | D1: Status | E1: Capacity_MW | F1: Program_MU | G1: Actual_MU | H1: Outage_MW | I1: Outage_DateTime | J1: Sync_DateTime | K1: Remarks | L1: Max_Possible_MU | M1: PLF | N1: Variance_MU | O1: Achievement | P1: Outage_Flag | Q1: ZeroGen_Flag | R1: Month | S1: Week | T1: Phase | U1: Outage_Category | V1: Baseline_MU | W1: Est_Loss_MU
A2: 46179 | B2: 1 | C2: ="Unit "&B2 -> Unit 1 | E2: 110 | F2: 1.93 | G2: 1.62 | H2: 0 | L2: =E2*24/1000 -> 2.64 | M2: =G2/L2 -> 0.61363636 | N2: =G2-F2 -> -0.31 | O2: =IF(F2=0,"",G2/F2) -> 0.83937824 | P2: =IF(H2>0,1,0) -> 0 | Q2: =IF(G2=0,1,0) -> 0 | R2: =TEXT(A2,"mmm") -> Jun | S2: =WEEKNUM(A2,2) -> 23 | T2: =IF(A2<DATE(2026,6,30),"1-Pre-outage",IF(A2<DATE(2026,7,5),"2-Transition","3-Outage-heavy")) -> 1-Pre-outage | U2: =IF(K2="","",IF(ISNUMBER(SEARCH("TURBINE",K2)),"Turbine",IF(ISNUMBER(SEARCH("GENERATOR",K2)),"Generator",IF(ISNUMBER(SEARCH("BOILER",K2)),"Boiler",IF(ISNUMBER(SEARCH("AIR PREHEATER",K2)),"Auxiliary",IF(ISNUMBER(SEARCH("ELECTRICAL",K2)),"Electrical","Other")))))) | V2: =AVERAGEIFS(G:G,B:B,B2,H:H,0) -> 1.6118182 | W2: =IF(P2=1,MAX(0,V2-G2),0) -> 0
A3: 46179 | B3: 2 | C3: ="Unit "&B3 -> Unit 2 | E3: 110 | F3: 1.93 | G3: 1.66 | H3: 0 | L3: =E3*24/1000 -> 2.64 | M3: =G3/L3 -> 0.62878788 | N3: =G3-F3 -> -0.27 | O3: =IF(F3=0,"",G3/F3) -> 0.86010363 | P3: =IF(H3>0,1,0) -> 0 | Q3: =IF(G3=0,1,0) -> 0 | R3: =TEXT(A3,"mmm") -> Jun | S3: =WEEKNUM(A3,2) -> 23 | T3: =IF(A3<DATE(2026,6,30),"1-Pre-outage",IF(A3<DATE(2026,7,5),"2-Transition","3-Outage-heavy")) -> 1-Pre-outage | U3: =IF(K3="","",IF(ISNUMBER(SEARCH("TURBINE",K3)),"Turbine",IF(ISNUMBER(SEARCH("GENERATOR",K3)),"Generator",IF(ISNUMBER(SEARCH("BOILER",K3)),"Boiler",IF(ISNUMBER(SEARCH("AIR PREHEATER",K3)),"Auxiliary",IF(ISNUMBER(SEARCH("ELECTRICAL",K3)),"Electrical","Other")))))) | V3: =AVERAGEIFS(G:G,B:B,B3,H:H,0) -> 1.6795556 | W3: =IF(P3=1,MAX(0,V3-G3),0) -> 0
A4: 46179 | B4: 3 | C4: ="Unit "&B4 -> Unit 3 | E4: 210 | F4: 3.9 | G4: 3.67 | H4: 0 | L4: =E4*24/1000 -> 5.04 | M4: =G4/L4 -> 0.7281746 | N4: =G4-F4 -> -0.23 | O4: =IF(F4=0,"",G4/F4) -> 0.94102564 | P4: =IF(H4>0,1,0) -> 0 | Q4: =IF(G4=0,1,0) -> 0 | R4: =TEXT(A4,"mmm") -> Jun | S4: =WEEKNUM(A4,2) -> 23 | T4: =IF(A4<DATE(2026,6,30),"1-Pre-outage",IF(A4<DATE(2026,7,5),"2-Transition","3-Outage-heavy")) -> 1-Pre-outage | U4: =IF(K4="","",IF(ISNUMBER(SEARCH("TURBINE",K4)),"Turbine",IF(ISNUMBER(SEARCH("GENERATOR",K4)),"Generator",IF(ISNUMBER(SEARCH("BOILER",K4)),"Boiler",IF(ISNUMBER(SEARCH("AIR PREHEATER",K4)),"Auxiliary",IF(ISNUMBER(SEARCH("ELECTRICAL",K4)),"Electrical","Other")))))) | V4: =AVERAGEIFS(G:G,B:B,B4,H:H,0) -> 3.7269767 | W4: =IF(P4=1,MAX(0,V4-G4),0) -> 0
A5: 46179 | B5: 4 | C5: ="Unit "&B5 -> Unit 4 | E5: 210 | F5: 4 | G5: 3.75 | H5: 0 | L5: =E5*24/1000 -> 5.04 | M5: =G5/L5 -> 0.74404762 | N5: =G5-F5 -> -0.25 | O5: =IF(F5=0,"",G5/F5) -> 0.9375 | P5: =IF(H5>0,1,0) -> 0 | Q5: =IF(G5=0,1,0) -> 0 | R5: =TEXT(A5,"mmm") -> Jun | S5: =WEEKNUM(A5,2) -> 23 | T5: =IF(A5<DATE(2026,6,30),"1-Pre-outage",IF(A5<DATE(2026,7,5),"2-Transition","3-Outage-heavy")) -> 1-Pre-outage | U5: =IF(K5="","",IF(ISNUMBER(SEARCH("TURBINE",K5)),"Turbine",IF(ISNUMBER(SEARCH("GENERATOR",K5)),"Generator",IF(ISNUMBER(SEARCH("BOILER",K5)),"Boiler",IF(ISNUMBER(SEARCH("AIR PREHEATER",K5)),"Auxiliary",IF(ISNUMBER(SEARCH("ELECTRICAL",K5)),"Electrical","Other")))))) | V5: =AVERAGEIFS(G:G,B:B,B5,H:H,0) -> 3.5358621 | W5: =IF(P5=1,MAX(0,V5-G5),0) -> 0
A6: 46179 | B6: 5 | C6: ="Unit "&B6 -> Unit 5 | E6: 210 | F6: 4 | G6: 3.85 | H6: 0 | L6: =E6*24/1000 -> 5.04 | M6: =G6/L6 -> 0.76388889 | N6: =G6-F6 -> -0.15 | O6: =IF(F6=0,"",G6/F6) -> 0.9625 | P6: =IF(H6>0,1,0) -> 0 | Q6: =IF(G6=0,1,0) -> 0 | R6: =TEXT(A6,"mmm") -> Jun | S6: =WEEKNUM(A6,2) -> 23 | T6: =IF(A6<DATE(2026,6,30),"1-Pre-outage",IF(A6<DATE(2026,7,5),"2-Transition","3-Outage-heavy")) -> 1-Pre-outage | U6: =IF(K6="","",IF(ISNUMBER(SEARCH("TURBINE",K6)),"Turbine",IF(ISNUMBER(SEARCH("GENERATOR",K6)),"Generator",IF(ISNUMBER(SEARCH("BOILER",K6)),"Boiler",IF(ISNUMBER(SEARCH("AIR PREHEATER",K6)),"Auxiliary",IF(ISNUMBER(SEARCH("ELECTRICAL",K6)),"Electrical","Other")))))) | V6: =AVERAGEIFS(G:G,B:B,B6,H:H,0) -> 3.9888889 | W6: =IF(P6=1,MAX(0,V6-G6),0) -> 0
A7: 46179 | B7: 6 | C7: ="Unit "&B7 -> Unit 6 | E7: 195 | F7: 4.1 | G7: 3.85 | H7: 0 | L7: =E7*24/1000 -> 4.68 | M7: =G7/L7 -> 0.82264957 | N7: =G7-F7 -> -0.25 | O7: =IF(F7=0,"",G7/F7) -> 0.93902439 | P7: =IF(H7>0,1,0) -> 0 | Q7: =IF(G7=0,1,0) -> 0 | R7: =TEXT(A7,"mmm") -> Jun | S7: =WEEKNUM(A7,2) -> 23 | T7: =IF(A7<DATE(2026,6,30),"1-Pre-outage",IF(A7<DATE(2026,7,5),"2-Transition","3-Outage-heavy")) -> 1-Pre-outage | U7: =IF(K7="","",IF(ISNUMBER(SEARCH("TURBINE",K7)),"Turbine",IF(ISNUMBER(SEARCH("GENERATOR",K7)),"Generator",IF(ISNUMBER(SEARCH("BOILER",K7)),"Boiler",IF(ISNUMBER(SEARCH("AIR PREHEATER",K7)),"Auxiliary",IF(ISNUMBER(SEARCH("ELECTRICAL",K7)),"Electrical","Other")))))) | V7: =AVERAGEIFS(G:G,B:B,B7,H:H,0) -> 3.8537778 | W7: =IF(P7=1,MAX(0,V7-G7),0) -> 0
A8: 46179 | B8: 7 | C8: ="Unit "&B8 -> Unit 7 | E8: 195 | F8: 4.1 | G8: 3.82 | H8: 0 | L8: =E8*24/1000 -> 4.68 | M8: =G8/L8 -> 0.81623932 | N8: =G8-F8 -> -0.28 | O8: =IF(F8=0,"",G8/F8) -> 0.93170732 | P8: =IF(H8>0,1,0) -> 0 | Q8: =IF(G8=0,1,0) -> 0 | R8: =TEXT(A8,"mmm") -> Jun | S8: =WEEKNUM(A8,2) -> 23 | T8: =IF(A8<DATE(2026,6,30),"1-Pre-outage",IF(A8<DATE(2026,7,5),"2-Transition","3-Outage-heavy")) -> 1-Pre-outage | U8: =IF(K8="","",IF(ISNUMBER(SEARCH("TURBINE",K8)),"Turbine",IF(ISNUMBER(SEARCH("GENERATOR",K8)),"Generator",IF(ISNUMBER(SEARCH("BOILER",K8)),"Boiler",IF(ISNUMBER(SEARCH("AIR PREHEATER",K8)),"Auxiliary",IF(ISNUMBER(SEARCH("ELECTRICAL",K8)),"Electrical","Other")))))) | V8: =AVERAGEIFS(G:G,B:B,B8,H:H,0) -> 3.98375 | W8: =IF(P8=1,MAX(0,V8-G8),0) -> 0
A9: 46180 | B9: 1 | C9: ="Unit "&B9 -> Unit 1 | E9: 110 | F9: 1.93 | G9: 1.61 | H9: 0 | L9: =E9*24/1000 -> 2.64 | M9: =G9/L9 -> 0.60984848 | N9: =G9-F9 -> -0.32 | O9: =IF(F9=0,"",G9/F9) -> 0.83419689 | P9: =IF(H9>0,1,0) -> 0 | Q9: =IF(G9=0,1,0) -> 0 | R9: =TEXT(A9,"mmm") -> Jun | S9: =WEEKNUM(A9,2) -> 23 | T9: =IF(A9<DATE(2026,6,30),"1-Pre-outage",IF(A9<DATE(2026,7,5),"2-Transition","3-Outage-heavy")) -> 1-Pre-outage | U9: =IF(K9="","",IF(ISNUMBER(SEARCH("TURBINE",K9)),"Turbine",IF(ISNUMBER(SEARCH("GENERATOR",K9)),"Generator",IF(ISNUMBER(SEARCH("BOILER",K9)),"Boiler",IF(ISNUMBER(SEARCH("AIR PREHEATER",K9)),"Auxiliary",IF(ISNUMBER(SEARCH("ELECTRICAL",K9)),"Electrical","Other")))))) | V9: =AVERAGEIFS(G:G,B:B,B9,H:H,0) -> 1.6118182 | W9: =IF(P9=1,MAX(0,V9-G9),0) -> 0
A10: 46180 | B10: 2 | C10: ="Unit "&B10 -> Unit 2 | E10: 110 | F10: 1.93 | G10: 1.58 | H10: 0 | L10: =E10*24/1000 -> 2.64 | M10: =G10/L10 -> 0.59848485 | N10: =G10-F10 -> -0.35 | O10: =IF(F10=0,"",G10/F10) -> 0.81865285 | P10: =IF(H10>0,1,0) -> 0 | Q10: =IF(G10=0,1,0) -> 0 | R10: =TEXT(A10,"mmm") -> Jun | S10: =WEEKNUM(A10,2) -> 23 | T10: =IF(A10<DATE(2026,6,30),"1-Pre-outage",IF(A10<DATE(2026,7,5),"2-Transition","3-Outage-heavy")) -> 1-Pre-outage | U10: =IF(K10="","",IF(ISNUMBER(SEARCH("TURBINE",K10)),"Turbine",IF(ISNUMBER(SEARCH("GENERATOR",K10)),"Generator",IF(ISNUMBER(SEARCH("BOILER",K10)),"Boiler",IF(ISNUMBER(SEARCH("AIR PREHEATER",K10)),"Auxiliary",IF(ISNUMBER(SEARCH("ELECTRICAL",K10)),"Electrical","Other")))))) | V10: =AVERAGEIFS(G:G,B:B,B10,H:H,0) -> 1.6795556 | W10: =IF(P10=1,MAX(0,V10-G10),0) -> 0
A11: 46180 | B11: 3 | C11: ="Unit "&B11 -> Unit 3 | E11: 210 | F11: 3.9 | G11: 3.59 | H11: 0 | L11: =E11*24/1000 -> 5.04 | M11: =G11/L11 -> 0.71230159 | N11: =G11-F11 -> -0.31 | O11: =IF(F11=0,"",G11/F11) -> 0.92051282 | P11: =IF(H11>0,1,0) -> 0 | Q11: =IF(G11=0,1,0) -> 0 | R11: =TEXT(A11,"mmm") -> Jun | S11: =WEEKNUM(A11,2) -> 23 | T11: =IF(A11<DATE(2026,6,30),"1-Pre-outage",IF(A11<DATE(2026,7,5),"2-Transition","3-Outage-heavy")) -> 1-Pre-outage | U11: =IF(K11="","",IF(ISNUMBER(SEARCH("TURBINE",K11)),"Turbine",IF(ISNUMBER(SEARCH("GENERATOR",K11)),"Generator",IF(ISNUMBER(SEARCH("BOILER",K11)),"Boiler",IF(ISNUMBER(SEARCH("AIR PREHEATER",K11)),"Auxiliary",IF(ISNUMBER(SEARCH("ELECTRICAL",K11)),"Electrical","Other")))))) | V11: =AVERAGEIFS(G:G,B:B,B11,H:H,0) -> 3.7269767 | W11: =IF(P11=1,MAX(0,V11-G11),0) -> 0
A12: 46180 | B12: 4 | C12: ="Unit "&B12 -> Unit 4 | E12: 210 | F12: 4 | G12: 3.61 | H12: 0 | L12: =E12*24/1000 -> 5.04 | M12: =G12/L12 -> 0.71626984 | N12: =G12-F12 -> -0.39 | O12: =IF(F12=0,"",G12/F12) -> 0.9025 | P12: =IF(H12>0,1,0) -> 0 | Q12: =IF(G12=0,1,0) -> 0 | R12: =TEXT(A12,"mmm") -> Jun | S12: =WEEKNUM(A12,2) -> 23 | T12: =IF(A12<DATE(2026,6,30),"1-Pre-outage",IF(A12<DATE(2026,7,5),"2-Transition","3-Outage-heavy")) -> 1-Pre-outage | U12: =IF(K12="","",IF(ISNUMBER(SEARCH("TURBINE",K12)),"Turbine",IF(ISNUMBER(SEARCH("GENERATOR",K12)),"Generator",IF(ISNUMBER(SEARCH("BOILER",K12)),"Boiler",IF(ISNUMBER(SEARCH("AIR PREHEATER",K12)),"Auxiliary",IF(ISNUMBER(SEARCH("ELECTRICAL",K12)),"Electrical","Other")))))) | V12: =AVERAGEIFS(G:G,B:B,B12,H:H,0) -> 3.5358621 | W12: =IF(P12=1,MAX(0,V12-G12),0) -> 0
A13: 46180 | B13: 5 | C13: ="Unit "&B13 -> Unit 5 | E13: 210 | F13: 4 | G13: 3.83 | H13: 0 | L13: =E13*24/1000 -> 5.04 | M13: =G13/L13 -> 0.75992063 | N13: =G13-F13 -> -0.17 | O13: =IF(F13=0,"",G13/F13) -> 0.9575 | P13: =IF(H13>0,1,0) -> 0 | Q13: =IF(G13=0,1,0) -> 0 | R13: =TEXT(A13,"mmm") -> Jun | S13: =WEEKNUM(A13,2) -> 23 | T13: =IF(A13<DATE(2026,6,30),"1-Pre-outage",IF(A13<DATE(2026,7,5),"2-Transition","3-Outage-heavy")) -> 1-Pre-outage | U13: =IF(K13="","",IF(ISNUMBER(SEARCH("TURBINE",K13)),"Turbine",IF(ISNUMBER(SEARCH("GENERATOR",K13)),"Generator",IF(ISNUMBER(SEARCH("BOILER",K13)),"Boiler",IF(ISNUMBER(SEARCH("AIR PREHEATER",K13)),"Auxiliary",IF(ISNUMBER(SEARCH("ELECTRICAL",K13)),"Electrical","Other")))))) | V13: =AVERAGEIFS(G:G,B:B,B13,H:H,0) -> 3.9888889 | W13: =IF(P13=1,MAX(0,V13-G13),0) -> 0
... A175: 46203 | B175: 6 | C175: ="Unit "&B175 -> Unit 6 | E175: 195 | F175: 4.1 | G175: 3.85 | H175: 0 | L175: =E175*24/1000 -> 4.68 | M175: =G175/L175 -> 0.82264957 | N175: =G175-F175 -> -0.25 | O175: =IF(F175=0,"",G175/F175) -> 0.93902439 | P175: =IF(H175>0,1,0) -> 0 | Q175: =IF(G175=0,1,0) -> 0 | R175: =TEXT(A175,"mmm") -> Jun | S175: =WEEKNUM(A175,2) -> 27 | T175: =IF(A175<DATE(2026,6,30),"1-Pre-outage",IF(A175<DATE(2026,7,5),"2-Transition","3-Outage-heavy")) -> 2-Transition | U175: =IF(K175="","",IF(ISNUMBER(SEARCH("TURBINE",K175)),"Turbine",IF(ISNUMBER(SEARCH("GENERATOR",K175)),"Generator",IF(ISNUMBER(SEARCH("BOILER",K175)),"Boiler",IF(ISNUMBER(SEARCH("AIR PREHEATER",K175)),"Auxiliary",IF(ISNUMBER(SEARCH("ELECTRICAL",K175)),"Electrical","Other")))))) | V175: =AVERAGEIFS(G:G,B:B,B175,H:H,0) -> 3.8537778 | W175: =IF(P175=1,MAX(0,V175-G175),0) -> 0
A176: 46203 | B176: 7 | C176: ="Unit "&B176 -> Unit 7 | D176: S | E176: 195 | F176: 4.1 | G176: 3.31 | H176: 195 | I176: 46203.82 | K176: AIR PREHEATERS PROBLEM | L176: =E176*24/1000 -> 4.68 | M176: =G176/L176 -> 0.70726496 | N176: =G176-F176 -> -0.79 | O176: =IF(F176=0,"",G176/F176) -> 0.80731707 | P176: =IF(H176>0,1,0) -> 1 | Q176: =IF(G176=0,1,0) -> 0 | R176: =TEXT(A176,"mmm") -> Jun | S176: =WEEKNUM(A176,2) -> 27 | T176: =IF(A176<DATE(2026,6,30),"1-Pre-outage",IF(A176<DATE(2026,7,5),"2-Transition","3-Outage-heavy")) -> 2-Transition | U176: =IF(K176="","",IF(ISNUMBER(SEARCH("TURBINE",K176)),"Turbine",IF(ISNUMBER(SEARCH("GENERATOR",K176)),"Generator",IF(ISNUMBER(SEARCH("BOILER",K176)),"Boiler",IF(ISNUMBER(SEARCH("AIR PREHEATER",K176)),"Auxiliary",IF(ISNUMBER(SEARCH("ELECTRICAL",K176)),"Electrical","Other")))))) -> Auxiliary | V176: =AVERAGEIFS(G:G,B:B,B176,H:H,0) -> 3.98375 | W176: =IF(P176=1,MAX(0,V176-G176),0) -> 0.67375
A177: 46204 | B177: 1 | C177: ="Unit "&B177 -> Unit 1 | E177: 110 | F177: 1.84 | G177: 1.71 | H177: 0 | L177: =E177*24/1000 -> 2.64 | M177: =G177/L177 -> 0.64772727 | N177: =G177-F177 -> -0.13 | O177: =IF(F177=0,"",G177/F177) -> 0.92934783 | P177: =IF(H177>0,1,0) -> 0 | Q177: =IF(G177=0,1,0) -> 0 | R177: =TEXT(A177,"mmm") -> Jul | S177: =WEEKNUM(A177,2) -> 27 | T177: =IF(A177<DATE(2026,6,30),"1-Pre-outage",IF(A177<DATE(2026,7,5),"2-Transition","3-Outage-heavy")) -> 2-Transition | U177: =IF(K177="","",IF(ISNUMBER(SEARCH("TURBINE",K177)),"Turbine",IF(ISNUMBER(SEARCH("GENERATOR",K177)),"Generator",IF(ISNUMBER(SEARCH("BOILER",K177)),"Boiler",IF(ISNUMBER(SEARCH("AIR PREHEATER",K177)),"Auxiliary",IF(ISNUMBER(SEARCH("ELECTRICAL",K177)),"Electrical","Other")))))) | V177: =AVERAGEIFS(G:G,B:B,B177,H:H,0) -> 1.6118182 | W177: =IF(P177=1,MAX(0,V177-G177),0) -> 0
A178: 46204 | B178: 2 | C178: ="Unit "&B178 -> Unit 2 | E178: 110 | F178: 1.87 | G178: 1.74 | H178: 0 | L178: =E178*24/1000 -> 2.64 | M178: =G178/L178 -> 0.65909091 | N178: =G178-F178 -> -0.13 | O178: =IF(F178=0,"",G178/F178) -> 0.93048128 | P178: =IF(H178>0,1,0) -> 0 | Q178: =IF(G178=0,1,0) -> 0 | R178: =TEXT(A178,"mmm") -> Jul | S178: =WEEKNUM(A178,2) -> 27 | T178: =IF(A178<DATE(2026,6,30),"1-Pre-outage",IF(A178<DATE(2026,7,5),"2-Transition","3-Outage-heavy")) -> 2-Transition | U178: =IF(K178="","",IF(ISNUMBER(SEARCH("TURBINE",K178)),"Turbine",IF(ISNUMBER(SEARCH("GENERATOR",K178)),"Generator",IF(ISNUMBER(SEARCH("BOILER",K178)),"Boiler",IF(ISNUMBER(SEARCH("AIR PREHEATER",K178)),"Auxiliary",IF(ISNUMBER(SEARCH("ELECTRICAL",K178)),"Electrical","Other")))))) | V178: =AVERAGEIFS(G:G,B:B,B178,H:H,0) -> 1.6795556 | W178: =IF(P178=1,MAX(0,V178-G178),0) -> 0
A179: 46204 | B179: 3 | C179: ="Unit "&B179 -> Unit 3 | E179: 210 | F179: 3.67 | G179: 3.82 | H179: 0 | L179: =E179*24/1000 -> 5.04 | M179: =G179/L179 -> 0.75793651 | N179: =G179-F179 -> 0.15 | O179: =IF(F179=0,"",G179/F179) -> 1.0408719 | P179: =IF(H179>0,1,0) -> 0 | Q179: =IF(G179=0,1,0) -> 0 | R179: =TEXT(A179,"mmm") -> Jul | S179: =WEEKNUM(A179,2) -> 27 | T179: =IF(A179<DATE(2026,6,30),"1-Pre-outage",IF(A179<DATE(2026,7,5),"2-Transition","3-Outage-heavy")) -> 2-Transition | U179: =IF(K179="","",IF(ISNUMBER(SEARCH("TURBINE",K179)),"Turbine",IF(ISNUMBER(SEARCH("GENERATOR",K179)),"Generator",IF(ISNUMBER(SEARCH("BOILER",K179)),"Boiler",IF(ISNUMBER(SEARCH("AIR PREHEATER",K179)),"Auxiliary",IF(ISNUMBER(SEARCH("ELECTRICAL",K179)),"Electrical","Other")))))) | V179: =AVERAGEIFS(G:G,B:B,B179,H:H,0) -> 3.7269767 | W179: =IF(P179=1,MAX(0,V179-G179),0) -> 0
A180: 46204 | B180: 4 | C180: ="Unit "&B180 -> Unit 4 | E180: 210 | F180: 0 | G180: 3.63 | H180: 0 | L180: =E180*24/1000 -> 5.04 | M180: =G180/L180 -> 0.7202381 | N180: =G180-F180 -> 3.63 | O180: =IF(F180=0,"",G180/F180) | P180: =IF(H180>0,1,0) -> 0 | Q180: =IF(G180=0,1,0) -> 0 | R180: =TEXT(A180,"mmm") -> Jul | S180: =WEEKNUM(A180,2) -> 27 | T180: =IF(A180<DATE(2026,6,30),"1-Pre-outage",IF(A180<DATE(2026,7,5),"2-Transition","3-Outage-heavy")) -> 2-Transition | U180: =IF(K180="","",IF(ISNUMBER(SEARCH("TURBINE",K180)),"Turbine",IF(ISNUMBER(SEARCH("GENERATOR",K180)),"Generator",IF(ISNUMBER(SEARCH("BOILER",K180)),"Boiler",IF(ISNUMBER(SEARCH("AIR PREHEATER",K180)),"Auxiliary",IF(ISNUMBER(SEARCH("ELECTRICAL",K180)),"Electrical","Other")))))) | V180: =AVERAGEIFS(G:G,B:B,B180,H:H,0) -> 3.5358621 | W180: =IF(P180=1,MAX(0,V180-G180),0) -> 0
A181: 46204 | B181: 5 | C181: ="Unit "&B181 -> Unit 5 | E181: 210 | F181: 3.81 | G181: 4.06 | H181: 0 | L181: =E181*24/1000 -> 5.04 | M181: =G181/L181 -> 0.80555556 | N181: =G181-F181 -> 0.25 | O181: =IF(F181=0,"",G181/F181) -> 1.0656168 | P181: =IF(H181>0,1,0) -> 0 | Q181: =IF(G181=0,1,0) -> 0 | R181: =TEXT(A181,"mmm") -> Jul | S181: =WEEKNUM(A181,2) -> 27 | T181: =IF(A181<DATE(2026,6,30),"1-Pre-outage",IF(A181<DATE(2026,7,5),"2-Transition","3-Outage-heavy")) -> 2-Transition | U181: =IF(K181="","",IF(ISNUMBER(SEARCH("TURBINE",K181)),"Turbine",IF(ISNUMBER(SEARCH("GENERATOR",K181)),"Generator",IF(ISNUMBER(SEARCH("BOILER",K181)),"Boiler",IF(ISNUMBER(SEARCH("AIR PREHEATER",K181)),"Auxiliary",IF(ISNUMBER(SEARCH("ELECTRICAL",K181)),"Electrical","Other")))))) | V181: =AVERAGEIFS(G:G,B:B,B181,H:H,0) -> 3.9888889 | W181: =IF(P181=1,MAX(0,V181-G181),0) -> 0
A182: 46204 | B182: 6 | C182: ="Unit "&B182 -> Unit 6 | E182: 195 | F182: 3.84 | G182: 3.86 | H182: 0 | L182: =E182*24/1000 -> 4.68 | M182: =G182/L182 -> 0.82478632 | N182: =G182-F182 -> 0.02 | O182: =IF(F182=0,"",G182/F182) -> 1.0052083 | P182: =IF(H182>0,1,0) -> 0 | Q182: =IF(G182=0,1,0) -> 0 | R182: =TEXT(A182,"mmm") -> Jul | S182: =WEEKNUM(A182,2) -> 27 | T182: =IF(A182<DATE(2026,6,30),"1-Pre-outage",IF(A182<DATE(2026,7,5),"2-Transition","3-Outage-heavy")) -> 2-Transition | U182: =IF(K182="","",IF(ISNUMBER(SEARCH("TURBINE",K182)),"Turbine",IF(ISNUMBER(SEARCH("GENERATOR",K182)),"Generator",IF(ISNUMBER(SEARCH("BOILER",K182)),"Boiler",IF(ISNUMBER(SEARCH("AIR PREHEATER",K182)),"Auxiliary",IF(ISNUMBER(SEARCH("ELECTRICAL",K182)),"Electrical","Other")))))) | V182: =AVERAGEIFS(G:G,B:B,B182,H:H,0) -> 3.8537778 | W182: =IF(P182=1,MAX(0,V182-G182),0) -> 0
A183: 46204 | B183: 7 | C183: ="Unit "&B183 -> Unit 7 | D183: * | E183: 195 | F183: 0 | G183: 3.28 | H183: 195 | I183: 46203.82 | J183: 46204.149 | K183: AIR PREHEATERS PROBLEM | L183: =E183*24/1000 -> 4.68 | M183: =G183/L183 -> 0.7008547 | N183: =G183-F183 -> 3.28 | O183: =IF(F183=0,"",G183/F183) | P183: =IF(H183>0,1,0) -> 1 | Q183: =IF(G183=0,1,0) -> 0 | R183: =TEXT(A183,"mmm") -> Jul | S183: =WEEKNUM(A183,2) -> 27 | T183: =IF(A183<DATE(2026,6,30),"1-Pre-outage",IF(A183<DATE(2026,7,5),"2-Transition","3-Outage-heavy")) -> 2-Transition | U183: =IF(K183="","",IF(ISNUMBER(SEARCH("TURBINE",K183)),"Turbine",IF(ISNUMBER(SEARCH("GENERATOR",K183)),"Generator",IF(ISNUMBER(SEARCH("BOILER",K183)),"Boiler",IF(ISNUMBER(SEARCH("AIR PREHEATER",K183)),"Auxiliary",IF(ISNUMBER(SEARCH("ELECTRICAL",K183)),"Electrical","Other")))))) -> Auxiliary | V183: =AVERAGEIFS(G:G,B:B,B183,H:H,0) -> 3.98375 | W183: =IF(P183=1,MAX(0,V183-G183),0) -> 0.70375
A184: 46205 | B184: 1 | C184: ="Unit "&B184 -> Unit 1 | E184: 110 | F184: 1.84 | G184: 1.71 | H184: 0 | L184: =E184*24/1000 -> 2.64 | M184: =G184/L184 -> 0.64772727 | N184: =G184-F184 -> -0.13 | O184: =IF(F184=0,"",G184/F184) -> 0.92934783 | P184: =IF(H184>0,1,0) -> 0 | Q184: =IF(G184=0,1,0) -> 0 | R184: =TEXT(A184,"mmm") -> Jul | S184: =WEEKNUM(A184,2) -> 27 | T184: =IF(A184<DATE(2026,6,30),"1-Pre-outage",IF(A184<DATE(2026,7,5),"2-Transition","3-Outage-heavy")) -> 2-Transition | U184: =IF(K184="","",IF(ISNUMBER(SEARCH("TURBINE",K184)),"Turbine",IF(ISNUMBER(SEARCH("GENERATOR",K184)),"Generator",IF(ISNUMBER(SEARCH("BOILER",K184)),"Boiler",IF(ISNUMBER(SEARCH("AIR PREHEATER",K184)),"Auxiliary",IF(ISNUMBER(SEARCH("ELECTRICAL",K184)),"Electrical","Other")))))) | V184: =AVERAGEIFS(G:G,B:B,B184,H:H,0) -> 1.6118182 | W184: =IF(P184=1,MAX(0,V184-G184),0) -> 0
A185: 46205 | B185: 2 | C185: ="Unit "&B185 -> Unit 2 | E185: 110 | F185: 1.87 | G185: 1.76 | H185: 0 | L185: =E185*24/1000 -> 2.64 | M185: =G185/L185 -> 0.66666667 | N185: =G185-F185 -> -0.11 | O185: =IF(F185=0,"",G185/F185) -> 0.94117647 | P185: =IF(H185>0,1,0) -> 0 | Q185: =IF(G185=0,1,0) -> 0 | R185: =TEXT(A185,"mmm") -> Jul | S185: =WEEKNUM(A185,2) -> 27 | T185: =IF(A185<DATE(2026,6,30),"1-Pre-outage",IF(A185<DATE(2026,7,5),"2-Transition","3-Outage-heavy")) -> 2-Transition | U185: =IF(K185="","",IF(ISNUMBER(SEARCH("TURBINE",K185)),"Turbine",IF(ISNUMBER(SEARCH("GENERATOR",K185)),"Generator",IF(ISNUMBER(SEARCH("BOILER",K185)),"Boiler",IF(ISNUMBER(SEARCH("AIR PREHEATER",K185)),"Auxiliary",IF(ISNUMBER(SEARCH("ELECTRICAL",K185)),"Electrical","Other")))))) | V185: =AVERAGEIFS(G:G,B:B,B185,H:H,0) -> 1.6795556 | W185: =IF(P185=1,MAX(0,V185-G185),0) -> 0
A186: 46205 | B186: 3 | C186: ="Unit "&B186 -> Unit 3 | E186: 210 | F186: 3.67 | G186: 3.82 | H186: 0 | L186: =E186*24/1000 -> 5.04 | M186: =G186/L186 -> 0.75793651 | N186: =G186-F186 -> 0.15 | O186: =IF(F186=0,"",G186/F186) -> 1.0408719 | P186: =IF(H186>0,1,0) -> 0 | Q186: =IF(G186=0,1,0) -> 0 | R186: =TEXT(A186,"mmm") -> Jul | S186: =WEEKNUM(A186,2) -> 27 | T186: =IF(A186<DATE(2026,6,30),"1-Pre-outage",IF(A186<DATE(2026,7,5),"2-Transition","3-Outage-heavy")) -> 2-Transition | U186: =IF(K186="","",IF(ISNUMBER(SEARCH("TURBINE",K186)),"Turbine",IF(ISNUMBER(SEARCH("GENERATOR",K186)),"Generator",IF(ISNUMBER(SEARCH("BOILER",K186)),"Boiler",IF(ISNUMBER(SEARCH("AIR PREHEATER",K186)),"Auxiliary",IF(ISNUMBER(SEARCH("ELECTRICAL",K186)),"Electrical","Other")))))) | V186: =AVERAGEIFS(G:G,B:B,B186,H:H,0) -> 3.7269767 | W186: =IF(P186=1,MAX(0,V186-G186),0) -> 0
A187: 46205 | B187: 4 | C187: ="Unit "&B187 -> Unit 4 | E187: 210 | F187: 0 | G187: 3.58 | H187: 0 | L187: =E187*24/1000 -> 5.04 | M187: =G187/L187 -> 0.71031746 | N187: =G187-F187 -> 3.58 | O187: =IF(F187=0,"",G187/F187) | P187: =IF(H187>0,1,0) -> 0 | Q187: =IF(G187=0,1,0) -> 0 | R187: =TEXT(A187,"mmm") -> Jul | S187: =WEEKNUM(A187,2) -> 27 | T187: =IF(A187<DATE(2026,6,30),"1-Pre-outage",IF(A187<DATE(2026,7,5),"2-Transition","3-Outage-heavy")) -> 2-Transition | U187: =IF(K187="","",IF(ISNUMBER(SEARCH("TURBINE",K187)),"Turbine",IF(ISNUMBER(SEARCH("GENERATOR",K187)),"Generator",IF(ISNUMBER(SEARCH("BOILER",K187)),"Boiler",IF(ISNUMBER(SEARCH("AIR PREHEATER",K187)),"Auxiliary",IF(ISNUMBER(SEARCH("ELECTRICAL",K187)),"Electrical","Other")))))) | V187: =AVERAGEIFS(G:G,B:B,B187,H:H,0) -> 3.5358621 | W187: =IF(P187=1,MAX(0,V187-G187),0) -> 0
A188: 46205 | B188: 5 | C188: ="Unit "&B188 -> Unit 5 | E188: 210 | F188: 3.81 | G188: 4.08 | H188: 0 | L188: =E188*24/1000 -> 5.04 | M188: =G188/L188 -> 0.80952381 | N188: =G188-F188 -> 0.27 | O188: =IF(F188=0,"",G188/F188) -> 1.0708661 | P188: =IF(H188>0,1,0) -> 0 | Q188: =IF(G188=0,1,0) -> 0 | R188: =TEXT(A188,"mmm") -> Jul | S188: =WEEKNUM(A188,2) -> 27 | T188: =IF(A188<DATE(2026,6,30),"1-Pre-outage",IF(A188<DATE(2026,7,5),"2-Transition","3-Outage-heavy")) -> 2-Transition | U188: =IF(K188="","",IF(ISNUMBER(SEARCH("TURBINE",K188)),"Turbine",IF(ISNUMBER(SEARCH("GENERATOR",K188)),"Generator",IF(ISNUMBER(SEARCH("BOILER",K188)),"Boiler",IF(ISNUMBER(SEARCH("AIR PREHEATER",K188)),"Auxiliary",IF(ISNUMBER(SEARCH("ELECTRICAL",K188)),"Electrical","Other")))))) | V188: =AVERAGEIFS(G:G,B:B,B188,H:H,0) -> 3.9888889 | W188: =IF(P188=1,MAX(0,V188-G188),0) -> 0
A189: 46205 | B189: 6 | C189: ="Unit "&B189 -> Unit 6 | E189: 195 | F189: 3.84 | G189: 3.85 | H189: 0 | L189: =E189*24/1000 -> 4.68 | M189: =G189/L189 -> 0.82264957 | N189: =G189-F189 -> 0.01 | O189: =IF(F189=0,"",G189/F189) -> 1.0026042 | P189: =IF(H189>0,1,0) -> 0 | Q189: =IF(G189=0,1,0) -> 0 | R189: =TEXT(A189,"mmm") -> Jul | S189: =WEEKNUM(A189,2) -> 27 | T189: =IF(A189<DATE(2026,6,30),"1-Pre-outage",IF(A189<DATE(2026,7,5),"2-Transition","3-Outage-heavy")) -> 2-Transition | U189: =IF(K189="","",IF(ISNUMBER(SEARCH("TURBINE",K189)),"Turbine",IF(ISNUMBER(SEARCH("GENERATOR",K189)),"Generator",IF(ISNUMBER(SEARCH("BOILER",K189)),"Boiler",IF(ISNUMBER(SEARCH("AIR PREHEATER",K189)),"Auxiliary",IF(ISNUMBER(SEARCH("ELECTRICAL",K189)),"Electrical","Other")))))) | V189: =AVERAGEIFS(G:G,B:B,B189,H:H,0) -> 3.8537778 | W189: =IF(P189=1,MAX(0,V189-G189),0) -> 0
A190: 46205 | B190: 7 | C190: ="Unit "&B190 -> Unit 7 | E190: 195 | F190: 0 | G190: 4.07 | H190: 0 | L190: =E190*24/1000 -> 4.68 | M190: =G190/L190 -> 0.86965812 | N190: =G190-F190 -> 4.07 | O190: =IF(F190=0,"",G190/F190) | P190: =IF(H190>0,1,0) -> 0 | Q190: =IF(G190=0,1,0) -> 0 | R190: =TEXT(A190,"mmm") -> Jul | S190: =WEEKNUM(A190,2) -> 27 | T190: =IF(A190<DATE(2026,6,30),"1-Pre-outage",IF(A190<DATE(2026,7,5),"2-Transition","3-Outage-heavy")) -> 2-Transition | U190: =IF(K190="","",IF(ISNUMBER(SEARCH("TURBINE",K190)),"Turbine",IF(ISNUMBER(SEARCH("GENERATOR",K190)),"Generator",IF(ISNUMBER(SEARCH("BOILER",K190)),"Boiler",IF(ISNUMBER(SEARCH("AIR PREHEATER",K190)),"Auxiliary",IF(ISNUMBER(SEARCH("ELECTRICAL",K190)),"Electrical","Other")))))) | V190: =AVERAGEIFS(G:G,B:B,B190,H:H,0) -> 3.98375 | W190: =IF(P190=1,MAX(0,V190-G190),0) -> 0
A191: 46206 | B191: 1 | C191: ="Unit "&B191 -> Unit 1 | E191: 110 | F191: 1.84 | G191: 1.54 | H191: 0 | L191: =E191*24/1000 -> 2.64 | M191: =G191/L191 -> 0.58333333 | N191: =G191-F191 -> -0.3 | O191: =IF(F191=0,"",G191/F191) -> 0.83695652 | P191: =IF(H191>0,1,0) -> 0 | Q191: =IF(G191=0,1,0) -> 0 | R191: =TEXT(A191,"mmm") -> Jul | S191: =WEEKNUM(A191,2) -> 27 | T191: =IF(A191<DATE(2026,6,30),"1-Pre-outage",IF(A191<DATE(2026,7,5),"2-Transition","3-Outage-heavy")) -> 2-Transition | U191: =IF(K191="","",IF(ISNUMBER(SEARCH("TURBINE",K191)),"Turbine",IF(ISNUMBER(SEARCH("GENERATOR",K191)),"Generator",IF(ISNUMBER(SEARCH("BOILER",K191)),"Boiler",IF(ISNUMBER(SEARCH("AIR PREHEATER",K191)),"Auxiliary",IF(ISNUMBER(SEARCH("ELECTRICAL",K191)),"Electrical","Other")))))) | V191: =AVERAGEIFS(G:G,B:B,B191,H:H,0) -> 1.6118182 | W191: =IF(P191=1,MAX(0,V191-G191),0) -> 0
A192: 46206 | B192: 2 | C192: ="Unit "&B192 -> Unit 2 | E192: 110 | F192: 1.87 | G192: 1.58 | H192: 0 | L192: =E192*24/1000 -> 2.64 | M192: =G192/L192 -> 0.59848485 | N192: =G192-F192 -> -0.29 | O192: =IF(F192=0,"",G192/F192) -> 0.84491979 | P192: =IF(H192>0,1,0) -> 0 | Q192: =IF(G192=0,1,0) -> 0 | R192: =TEXT(A192,"mmm") -> Jul | S192: =WEEKNUM(A192,2) -> 27 | T192: =IF(A192<DATE(2026,6,30),"1-Pre-outage",IF(A192<DATE(2026,7,5),"2-Transition","3-Outage-heavy")) -> 2-Transition | U192: =IF(K192="","",IF(ISNUMBER(SEARCH("TURBINE",K192)),"Turbine",IF(ISNUMBER(SEARCH("GENERATOR",K192)),"Generator",IF(ISNUMBER(SEARCH("BOILER",K192)),"Boiler",IF(ISNUMBER(SEARCH("AIR PREHEATER",K192)),"Auxiliary",IF(ISNUMBER(SEARCH("ELECTRICAL",K192)),"Electrical","Other")))))) | V192: =AVERAGEIFS(G:G,B:B,B192,H:H,0) -> 1.6795556 | W192: =IF(P192=1,MAX(0,V192-G192),0) -> 0
A193: 46206 | B193: 3 | C193: ="Unit "&B193 -> Unit 3 | E193: 210 | F193: 3.67 | G193: 3.59 | H193: 0 | L193: =E193*24/1000 -> 5.04 | M193: =G193/L193 -> 0.71230159 | N193: =G193-F193 -> -0.08 | O193: =IF(F193=0,"",G193/F193) -> 0.97820163 | P193: =IF(H193>0,1,0) -> 0 | Q193: =IF(G193=0,1,0) -> 0 | R193: =TEXT(A193,"mmm") -> Jul | S193: =WEEKNUM(A193,2) -> 27 | T193: =IF(A193<DATE(2026,6,30),"1-Pre-outage",IF(A193<DATE(2026,7,5),"2-Transition","3-Outage-heavy")) -> 2-Transition | U193: =IF(K193="","",IF(ISNUMBER(SEARCH("TURBINE",K193)),"Turbine",IF(ISNUMBER(SEARCH("GENERATOR",K193)),"Generator",IF(ISNUMBER(SEARCH("BOILER",K193)),"Boiler",IF(ISNUMBER(SEARCH("AIR PREHEATER",K193)),"Auxiliary",IF(ISNUMBER(SEARCH("ELECTRICAL",K193)),"Electrical","Other")))))) | V193: =AVERAGEIFS(G:G,B:B,B193,H:H,0) -> 3.7269767 | W193: =IF(P193=1,MAX(0,V193-G193),0) -> 0
A194: 46206 | B194: 4 | C194: ="Unit "&B194 -> Unit 4 | E194: 210 | F194: 0 | G194: 3.17 | H194: 0 | L194: =E194*24/1000 -> 5.04 | M194: =G194/L194 -> 0.62896825 | N194: =G194-F194 -> 3.17 | O194: =IF(F194=0,"",G194/F194) | P194: =IF(H194>0,1,0) -> 0 | Q194: =IF(G194=0,1,0) -> 0 | R194: =TEXT(A194,"mmm") -> Jul | S194: =WEEKNUM(A194,2) -> 27 | T194: =IF(A194<DATE(2026,6,30),"1-Pre-outage",IF(A194<DATE(2026,7,5),"2-Transition","3-Outage-heavy")) -> 2-Transition | U194: =IF(K194="","",IF(ISNUMBER(SEARCH("TURBINE",K194)),"Turbine",IF(ISNUMBER(SEARCH("GENERATOR",K194)),"Generator",IF(ISNUMBER(SEARCH("BOILER",K194)),"Boiler",IF(ISNUMBER(SEARCH("AIR PREHEATER",K194)),"Auxiliary",IF(ISNUMBER(SEARCH("ELECTRICAL",K194)),"Electrical","Other")))))) | V194: =AVERAGEIFS(G:G,B:B,B194,H:H,0) -> 3.5358621 | W194: =IF(P194=1,MAX(0,V194-G194),0) -> 0
A195: 46206 | B195: 5 | C195: ="Unit "&B195 -> Unit 5 | E195: 210 | F195: 3.81 | G195: 3.88 | H195: 0 | L195: =E195*24/1000 -> 5.04 | M195: =G195/L195 -> 0.76984127 | N195: =G195-F195 -> 0.07 | O195: =IF(F195=0,"",G195/F195) -> 1.0183727 | P195: =IF(H195>0,1,0) -> 0 | Q195: =IF(G195=0,1,0) -> 0 | R195: =TEXT(A195,"mmm") -> Jul | S195: =WEEKNUM(A195,2) -> 27 | T195: =IF(A195<DATE(2026,6,30),"1-Pre-outage",IF(A195<DATE(2026,7,5),"2-Transition","3-Outage-heavy")) -> 2-Transition | U195: =IF(K195="","",IF(ISNUMBER(SEARCH("TURBINE",K195)),"Turbine",IF(ISNUMBER(SEARCH("GENERATOR",K195)),"Generator",IF(ISNUMBER(SEARCH("BOILER",K195)),"Boiler",IF(ISNUMBER(SEARCH("AIR PREHEATER",K195)),"Auxiliary",IF(ISNUMBER(SEARCH("ELECTRICAL",K195)),"Electrical","Other")))))) | V195: =AVERAGEIFS(G:G,B:B,B195,H:H,0) -> 3.9888889 | W195: =IF(P195=1,MAX(0,V195-G195),0) -> 0
... A207: 46208 | B207: 3 | C207: ="Unit "&B207 -> Unit 3 | E207: 210 | F207: 3.67 | G207: 3.52 | H207: 0 | L207: =E207*24/1000 -> 5.04 | M207: =G207/L207 -> 0.6984127 | N207: =G207-F207 -> -0.15 | O207: =IF(F207=0,"",G207/F207) -> 0.95912807 | P207: =IF(H207>0,1,0) -> 0 | Q207: =IF(G207=0,1,0) -> 0 | R207: =TEXT(A207,"mmm") -> Jul | S207: =WEEKNUM(A207,2) -> 27 | T207: =IF(A207<DATE(2026,6,30),"1-Pre-outage",IF(A207<DATE(2026,7,5),"2-Transition","3-Outage-heavy")) -> 3-Outage-heavy | U207: =IF(K207="","",IF(ISNUMBER(SEARCH("TURBINE",K207)),"Turbine",IF(ISNUMBER(SEARCH("GENERATOR",K207)),"Generator",IF(ISNUMBER(SEARCH("BOILER",K207)),"Boiler",IF(ISNUMBER(SEARCH("AIR PREHEATER",K207)),"Auxiliary",IF(ISNUMBER(SEARCH("ELECTRICAL",K207)),"Electrical","Other")))))) | V207: =AVERAGEIFS(G:G,B:B,B207,H:H,0) -> 3.7269767 | W207: =IF(P207=1,MAX(0,V207-G207),0) -> 0
A208: 46208 | B208: 4 | C208: ="Unit "&B208 -> Unit 4 | D208: S | E208: 210 | F208: 0 | G208: 0 | H208: 210 | I208: 46208 | K208: TURBINE BEARING PROBLEM | L208: =E208*24/1000 -> 5.04 | M208: =G208/L208 -> 0 | N208: =G208-F208 -> 0 | O208: =IF(F208=0,"",G208/F208) | P208: =IF(H208>0,1,0) -> 1 | Q208: =IF(G208=0,1,0) -> 1 | R208: =TEXT(A208,"mmm") -> Jul | S208: =WEEKNUM(A208,2) -> 27 | T208: =IF(A208<DATE(2026,6,30),"1-Pre-outage",IF(A208<DATE(2026,7,5),"2-Transition","3-Outage-heavy")) -> 3-Outage-heavy | U208: =IF(K208="","",IF(ISNUMBER(SEARCH("TURBINE",K208)),"Turbine",IF(ISNUMBER(SEARCH("GENERATOR",K208)),"Generator",IF(ISNUMBER(SEARCH("BOILER",K208)),"Boiler",IF(ISNUMBER(SEARCH("AIR PREHEATER",K208)),"Auxiliary",IF(ISNUMBER(SEARCH("ELECTRICAL",K208)),"Electrical","Other")))))) -> Turbine | V208: =AVERAGEIFS(G:G,B:B,B208,H:H,0) -> 3.5358621 | W208: =IF(P208=1,MAX(0,V208-G208),0) -> 3.5358621
A209: 46208 | B209: 5 | C209: ="Unit "&B209 -> Unit 5 | E209: 210 | F209: 3.81 | G209: 3.86 | H209: 0 | L209: =E209*24/1000 -> 5.04 | M209: =G209/L209 -> 0.76587302 | N209: =G209-F209 -> 0.05 | O209: =IF(F209=0,"",G209/F209) -> 1.0131234 | P209: =IF(H209>0,1,0) -> 0 | Q209: =IF(G209=0,1,0) -> 0 | R209: =TEXT(A209,"mmm") -> Jul | S209: =WEEKNUM(A209,2) -> 27 | T209: =IF(A209<DATE(2026,6,30),"1-Pre-outage",IF(A209<DATE(2026,7,5),"2-Transition","3-Outage-heavy")) -> 3-Outage-heavy | U209: =IF(K209="","",IF(ISNUMBER(SEARCH("TURBINE",K209)),"Turbine",IF(ISNUMBER(SEARCH("GENERATOR",K209)),"Generator",IF(ISNUMBER(SEARCH("BOILER",K209)),"Boiler",IF(ISNUMBER(SEARCH("AIR PREHEATER",K209)),"Auxiliary",IF(ISNUMBER(SEARCH("ELECTRICAL",K209)),"Electrical","Other")))))) | V209: =AVERAGEIFS(G:G,B:B,B209,H:H,0) -> 3.9888889 | W209: =IF(P209=1,MAX(0,V209-G209),0) -> 0
A210: 46208 | B210: 6 | C210: ="Unit "&B210 -> Unit 6 | E210: 195 | F210: 3.84 | G210: 3.82 | H210: 0 | L210: =E210*24/1000 -> 4.68 | M210: =G210/L210 -> 0.81623932 | N210: =G210-F210 -> -0.02 | O210: =IF(F210=0,"",G210/F210) -> 0.99479167 | P210: =IF(H210>0,1,0) -> 0 | Q210: =IF(G210=0,1,0) -> 0 | R210: =TEXT(A210,"mmm") -> Jul | S210: =WEEKNUM(A210,2) -> 27 | T210: =IF(A210<DATE(2026,6,30),"1-Pre-outage",IF(A210<DATE(2026,7,5),"2-Transition","3-Outage-heavy")) -> 3-Outage-heavy | U210: =IF(K210="","",IF(ISNUMBER(SEARCH("TURBINE",K210)),"Turbine",IF(ISNUMBER(SEARCH("GENERATOR",K210)),"Generator",IF(ISNUMBER(SEARCH("BOILER",K210)),"Boiler",IF(ISNUMBER(SEARCH("AIR PREHEATER",K210)),"Auxiliary",IF(ISNUMBER(SEARCH("ELECTRICAL",K210)),"Electrical","Other")))))) | V210: =AVERAGEIFS(G:G,B:B,B210,H:H,0) -> 3.8537778 | W210: =IF(P210=1,MAX(0,V210-G210),0) -> 0
A211: 46208 | B211: 7 | C211: ="Unit "&B211 -> Unit 7 | E211: 195 | F211: 0 | G211: 3.86 | H211: 0 | L211: =E211*24/1000 -> 4.68 | M211: =G211/L211 -> 0.82478632 | N211: =G211-F211 -> 3.86 | O211: =IF(F211=0,"",G211/F211) | P211: =IF(H211>0,1,0) -> 0 | Q211: =IF(G211=0,1,0) -> 0 | R211: =TEXT(A211,"mmm") -> Jul | S211: =WEEKNUM(A211,2) -> 27 | T211: =IF(A211<DATE(2026,6,30),"1-Pre-outage",IF(A211<DATE(2026,7,5),"2-Transition","3-Outage-heavy")) -> 3-Outage-heavy | U211: =IF(K211="","",IF(ISNUMBER(SEARCH("TURBINE",K211)),"Turbine",IF(ISNUMBER(SEARCH("GENERATOR",K211)),"Generator",IF(ISNUMBER(SEARCH("BOILER",K211)),"Boiler",IF(ISNUMBER(SEARCH("AIR PREHEATER",K211)),"Auxiliary",IF(ISNUMBER(SEARCH("ELECTRICAL",K211)),"Electrical","Other")))))) | V211: =AVERAGEIFS(G:G,B:B,B211,H:H,0) -> 3.98375 | W211: =IF(P211=1,MAX(0,V211-G211),0) -> 0
A212: 46209 | B212: 1 | C212: ="Unit "&B212 -> Unit 1 | D212: * | E212: 110 | F212: 1.84 | G212: 1.56 | H212: 0 | I212: 46209.557 | J212: 46209.663 | K212: ELECTRICAL MISCELLANEOUS PROBLEMS | L212: =E212*24/1000 -> 2.64 | M212: =G212/L212 -> 0.59090909 | N212: =G212-F212 -> -0.28 | O212: =IF(F212=0,"",G212/F212) -> 0.84782609 | P212: =IF(H212>0,1,0) -> 0 | Q212: =IF(G212=0,1,0) -> 0 | R212: =TEXT(A212,"mmm") -> Jul | S212: =WEEKNUM(A212,2) -> 28 | T212: =IF(A212<DATE(2026,6,30),"1-Pre-outage",IF(A212<DATE(2026,7,5),"2-Transition","3-Outage-heavy")) -> 3-Outage-heavy | U212: =IF(K212="","",IF(ISNUMBER(SEARCH("TURBINE",K212)),"Turbine",IF(ISNUMBER(SEARCH("GENERATOR",K212)),"Generator",IF(ISNUMBER(SEARCH("BOILER",K212)),"Boiler",IF(ISNUMBER(SEARCH("AIR PREHEATER",K212)),"Auxiliary",IF(ISNUMBER(SEARCH("ELECTRICAL",K212)),"Electrical","Other")))))) -> Electrical | V212: =AVERAGEIFS(G:G,B:B,B212,H:H,0) -> 1.6118182 | W212: =IF(P212=1,MAX(0,V212-G212),0) -> 0
A213: 46209 | B213: 2 | C213: ="Unit "&B213 -> Unit 2 | E213: 110 | F213: 1.87 | G213: 1.61 | H213: 0 | L213: =E213*24/1000 -> 2.64 | M213: =G213/L213 -> 0.60984848 | N213: =G213-F213 -> -0.26 | O213: =IF(F213=0,"",G213/F213) -> 0.86096257 | P213: =IF(H213>0,1,0) -> 0 | Q213: =IF(G213=0,1,0) -> 0 | R213: =TEXT(A213,"mmm") -> Jul | S213: =WEEKNUM(A213,2) -> 28 | T213: =IF(A213<DATE(2026,6,30),"1-Pre-outage",IF(A213<DATE(2026,7,5),"2-Transition","3-Outage-heavy")) -> 3-Outage-heavy | U213: =IF(K213="","",IF(ISNUMBER(SEARCH("TURBINE",K213)),"Turbine",IF(ISNUMBER(SEARCH("GENERATOR",K213)),"Generator",IF(ISNUMBER(SEARCH("BOILER",K213)),"Boiler",IF(ISNUMBER(SEARCH("AIR PREHEATER",K213)),"Auxiliary",IF(ISNUMBER(SEARCH("ELECTRICAL",K213)),"Electrical","Other")))))) | V213: =AVERAGEIFS(G:G,B:B,B213,H:H,0) -> 1.6795556 | W213: =IF(P213=1,MAX(0,V213-G213),0) -> 0
A214: 46209 | B214: 3 | C214: ="Unit "&B214 -> Unit 3 | E214: 210 | F214: 3.67 | G214: 3.6 | H214: 0 | L214: =E214*24/1000 -> 5.04 | M214: =G214/L214 -> 0.71428571 | N214: =G214-F214 -> -0.07 | O214: =IF(F214=0,"",G214/F214) -> 0.98092643 | P214: =IF(H214>0,1,0) -> 0 | Q214: =IF(G214=0,1,0) -> 0 | R214: =TEXT(A214,"mmm") -> Jul | S214: =WEEKNUM(A214,2) -> 28 | T214: =IF(A214<DATE(2026,6,30),"1-Pre-outage",IF(A214<DATE(2026,7,5),"2-Transition","3-Outage-heavy")) -> 3-Outage-heavy | U214: =IF(K214="","",IF(ISNUMBER(SEARCH("TURBINE",K214)),"Turbine",IF(ISNUMBER(SEARCH("GENERATOR",K214)),"Generator",IF(ISNUMBER(SEARCH("BOILER",K214)),"Boiler",IF(ISNUMBER(SEARCH("AIR PREHEATER",K214)),"Auxiliary",IF(ISNUMBER(SEARCH("ELECTRICAL",K214)),"Electrical","Other")))))) | V214: =AVERAGEIFS(G:G,B:B,B214,H:H,0) -> 3.7269767 | W214: =IF(P214=1,MAX(0,V214-G214),0) -> 0
A215: 46209 | B215: 4 | C215: ="Unit "&B215 -> Unit 4 | D215: S | E215: 210 | F215: 0 | G215: 0 | H215: 210 | I215: 46208 | K215: TURBINE BEARING PROBLEM | L215: =E215*24/1000 -> 5.04 | M215: =G215/L215 -> 0 | N215: =G215-F215 -> 0 | O215: =IF(F215=0,"",G215/F215) | P215: =IF(H215>0,1,0) -> 1 | Q215: =IF(G215=0,1,0) -> 1 | R215: =TEXT(A215,"mmm") -> Jul | S215: =WEEKNUM(A215,2) -> 28 | T215: =IF(A215<DATE(2026,6,30),"1-Pre-outage",IF(A215<DATE(2026,7,5),"2-Transition","3-Outage-heavy")) -> 3-Outage-heavy | U215: =IF(K215="","",IF(ISNUMBER(SEARCH("TURBINE",K215)),"Turbine",IF(ISNUMBER(SEARCH("GENERATOR",K215)),"Generator",IF(ISNUMBER(SEARCH("BOILER",K215)),"Boiler",IF(ISNUMBER(SEARCH("AIR PREHEATER",K215)),"Auxiliary",IF(ISNUMBER(SEARCH("ELECTRICAL",K215)),"Electrical","Other")))))) -> Turbine | V215: =AVERAGEIFS(G:G,B:B,B215,H:H,0) -> 3.5358621 | W215: =IF(P215=1,MAX(0,V215-G215),0) -> 3.5358621
A216: 46209 | B216: 5 | C216: ="Unit "&B216 -> Unit 5 | E216: 210 | F216: 3.81 | G216: 3.88 | H216: 0 | L216: =E216*24/1000 -> 5.04 | M216: =G216/L216 -> 0.76984127 | N216: =G216-F216 -> 0.07 | O216: =IF(F216=0,"",G216/F216) -> 1.0183727 | P216: =IF(H216>0,1,0) -> 0 | Q216: =IF(G216=0,1,0) -> 0 | R216: =TEXT(A216,"mmm") -> Jul | S216: =WEEKNUM(A216,2) -> 28 | T216: =IF(A216<DATE(2026,6,30),"1-Pre-outage",IF(A216<DATE(2026,7,5),"2-Transition","3-Outage-heavy")) -> 3-Outage-heavy | U216: =IF(K216="","",IF(ISNUMBER(SEARCH("TURBINE",K216)),"Turbine",IF(ISNUMBER(SEARCH("GENERATOR",K216)),"Generator",IF(ISNUMBER(SEARCH("BOILER",K216)),"Boiler",IF(ISNUMBER(SEARCH("AIR PREHEATER",K216)),"Auxiliary",IF(ISNUMBER(SEARCH("ELECTRICAL",K216)),"Electrical","Other")))))) | V216: =AVERAGEIFS(G:G,B:B,B216,H:H,0) -> 3.9888889 | W216: =IF(P216=1,MAX(0,V216-G216),0) -> 0
A217: 46209 | B217: 6 | C217: ="Unit "&B217 -> Unit 6 | E217: 195 | F217: 3.84 | G217: 3.84 | H217: 0 | L217: =E217*24/1000 -> 4.68 | M217: =G217/L217 -> 0.82051282 | N217: =G217-F217 -> 0 | O217: =IF(F217=0,"",G217/F217) -> 1 | P217: =IF(H217>0,1,0) -> 0 | Q217: =IF(G217=0,1,0) -> 0 | R217: =TEXT(A217,"mmm") -> Jul | S217: =WEEKNUM(A217,2) -> 28 | T217: =IF(A217<DATE(2026,6,30),"1-Pre-outage",IF(A217<DATE(2026,7,5),"2-Transition","3-Outage-heavy")) -> 3-Outage-heavy | U217: =IF(K217="","",IF(ISNUMBER(SEARCH("TURBINE",K217)),"Turbine",IF(ISNUMBER(SEARCH("GENERATOR",K217)),"Generator",IF(ISNUMBER(SEARCH("BOILER",K217)),"Boiler",IF(ISNUMBER(SEARCH("AIR PREHEATER",K217)),"Auxiliary",IF(ISNUMBER(SEARCH("ELECTRICAL",K217)),"Electrical","Other")))))) | V217: =AVERAGEIFS(G:G,B:B,B217,H:H,0) -> 3.8537778 | W217: =IF(P217=1,MAX(0,V217-G217),0) -> 0
A218: 46209 | B218: 7 | C218: ="Unit "&B218 -> Unit 7 | E218: 195 | F218: 0 | G218: 3.43 | H218: 0 | L218: =E218*24/1000 -> 4.68 | M218: =G218/L218 -> 0.73290598 | N218: =G218-F218 -> 3.43 | O218: =IF(F218=0,"",G218/F218) | P218: =IF(H218>0,1,0) -> 0 | Q218: =IF(G218=0,1,0) -> 0 | R218: =TEXT(A218,"mmm") -> Jul | S218: =WEEKNUM(A218,2) -> 28 | T218: =IF(A218<DATE(2026,6,30),"1-Pre-outage",IF(A218<DATE(2026,7,5),"2-Transition","3-Outage-heavy")) -> 3-Outage-heavy | U218: =IF(K218="","",IF(ISNUMBER(SEARCH("TURBINE",K218)),"Turbine",IF(ISNUMBER(SEARCH("GENERATOR",K218)),"Generator",IF(ISNUMBER(SEARCH("BOILER",K218)),"Boiler",IF(ISNUMBER(SEARCH("AIR PREHEATER",K218)),"Auxiliary",IF(ISNUMBER(SEARCH("ELECTRICAL",K218)),"Electrical","Other")))))) | V218: =AVERAGEIFS(G:G,B:B,B218,H:H,0) -> 3.98375 | W218: =IF(P218=1,MAX(0,V218-G218),0) -> 0
A219: 46210 | B219: 1 | C219: ="Unit "&B219 -> Unit 1 | E219: 110 | F219: 1.84 | G219: 1.6 | H219: 0 | L219: =E219*24/1000 -> 2.64 | M219: =G219/L219 -> 0.60606061 | N219: =G219-F219 -> -0.24 | O219: =IF(F219=0,"",G219/F219) -> 0.86956522 | P219: =IF(H219>0,1,0) -> 0 | Q219: =IF(G219=0,1,0) -> 0 | R219: =TEXT(A219,"mmm") -> Jul | S219: =WEEKNUM(A219,2) -> 28 | T219: =IF(A219<DATE(2026,6,30),"1-Pre-outage",IF(A219<DATE(2026,7,5),"2-Transition","3-Outage-heavy")) -> 3-Outage-heavy | U219: =IF(K219="","",IF(ISNUMBER(SEARCH("TURBINE",K219)),"Turbine",IF(ISNUMBER(SEARCH("GENERATOR",K219)),"Generator",IF(ISNUMBER(SEARCH("BOILER",K219)),"Boiler",IF(ISNUMBER(SEARCH("AIR PREHEATER",K219)),"Auxiliary",IF(ISNUMBER(SEARCH("ELECTRICAL",K219)),"Electrical","Other")))))) | V219: =AVERAGEIFS(G:G,B:B,B219,H:H,0) -> 1.6118182 | W219: =IF(P219=1,MAX(0,V219-G219),0) -> 0
A220: 46210 | B220: 2 | C220: ="Unit "&B220 -> Unit 2 | E220: 110 | F220: 1.87 | G220: 1.6 | H220: 0 | L220: =E220*24/1000 -> 2.64 | M220: =G220/L220 -> 0.60606061 | N220: =G220-F220 -> -0.27 | O220: =IF(F220=0,"",G220/F220) -> 0.85561497 | P220: =IF(H220>0,1,0) -> 0 | Q220: =IF(G220=0,1,0) -> 0 | R220: =TEXT(A220,"mmm") -> Jul | S220: =WEEKNUM(A220,2) -> 28 | T220: =IF(A220<DATE(2026,6,30),"1-Pre-outage",IF(A220<DATE(2026,7,5),"2-Transition","3-Outage-heavy")) -> 3-Outage-heavy | U220: =IF(K220="","",IF(ISNUMBER(SEARCH("TURBINE",K220)),"Turbine",IF(ISNUMBER(SEARCH("GENERATOR",K220)),"Generator",IF(ISNUMBER(SEARCH("BOILER",K220)),"Boiler",IF(ISNUMBER(SEARCH("AIR PREHEATER",K220)),"Auxiliary",IF(ISNUMBER(SEARCH("ELECTRICAL",K220)),"Electrical","Other")))))) | V220: =AVERAGEIFS(G:G,B:B,B220,H:H,0) -> 1.6795556 | W220: =IF(P220=1,MAX(0,V220-G220),0) -> 0
A221: 46210 | B221: 3 | C221: ="Unit "&B221 -> Unit 3 | E221: 210 | F221: 3.67 | G221: 3.61 | H221: 0 | L221: =E221*24/1000 -> 5.04 | M221: =G221/L221 -> 0.71626984 | N221: =G221-F221 -> -0.06 | O221: =IF(F221=0,"",G221/F221) -> 0.98365123 | P221: =IF(H221>0,1,0) -> 0 | Q221: =IF(G221=0,1,0) -> 0 | R221: =TEXT(A221,"mmm") -> Jul | S221: =WEEKNUM(A221,2) -> 28 | T221: =IF(A221<DATE(2026,6,30),"1-Pre-outage",IF(A221<DATE(2026,7,5),"2-Transition","3-Outage-heavy")) -> 3-Outage-heavy | U221: =IF(K221="","",IF(ISNUMBER(SEARCH("TURBINE",K221)),"Turbine",IF(ISNUMBER(SEARCH("GENERATOR",K221)),"Generator",IF(ISNUMBER(SEARCH("BOILER",K221)),"Boiler",IF(ISNUMBER(SEARCH("AIR PREHEATER",K221)),"Auxiliary",IF(ISNUMBER(SEARCH("ELECTRICAL",K221)),"Electrical","Other")))))) | V221: =AVERAGEIFS(G:G,B:B,B221,H:H,0) -> 3.7269767 | W221: =IF(P221=1,MAX(0,V221-G221),0) -> 0
A222: 46210 | B222: 4 | C222: ="Unit "&B222 -> Unit 4 | D222: S | E222: 210 | F222: 0 | G222: 0 | H222: 210 | I222: 46208 | K222: TURBINE BEARING PROBLEM | L222: =E222*24/1000 -> 5.04 | M222: =G222/L222 -> 0 | N222: =G222-F222 -> 0 | O222: =IF(F222=0,"",G222/F222) | P222: =IF(H222>0,1,0) -> 1 | Q222: =IF(G222=0,1,0) -> 1 | R222: =TEXT(A222,"mmm") -> Jul | S222: =WEEKNUM(A222,2) -> 28 | T222: =IF(A222<DATE(2026,6,30),"1-Pre-outage",IF(A222<DATE(2026,7,5),"2-Transition","3-Outage-heavy")) -> 3-Outage-heavy | U222: =IF(K222="","",IF(ISNUMBER(SEARCH("TURBINE",K222)),"Turbine",IF(ISNUMBER(SEARCH("GENERATOR",K222)),"Generator",IF(ISNUMBER(SEARCH("BOILER",K222)),"Boiler",IF(ISNUMBER(SEARCH("AIR PREHEATER",K222)),"Auxiliary",IF(ISNUMBER(SEARCH("ELECTRICAL",K222)),"Electrical","Other")))))) -> Turbine | V222: =AVERAGEIFS(G:G,B:B,B222,H:H,0) -> 3.5358621 | W222: =IF(P222=1,MAX(0,V222-G222),0) -> 3.5358621
A223: 46210 | B223: 5 | C223: ="Unit "&B223 -> Unit 5 | E223: 210 | F223: 3.81 | G223: 3.9 | H223: 0 | L223: =E223*24/1000 -> 5.04 | M223: =G223/L223 -> 0.77380952 | N223: =G223-F223 -> 0.09 | O223: =IF(F223=0,"",G223/F223) -> 1.023622 | P223: =IF(H223>0,1,0) -> 0 | Q223: =IF(G223=0,1,0) -> 0 | R223: =TEXT(A223,"mmm") -> Jul | S223: =WEEKNUM(A223,2) -> 28 | T223: =IF(A223<DATE(2026,6,30),"1-Pre-outage",IF(A223<DATE(2026,7,5),"2-Transition","3-Outage-heavy")) -> 3-Outage-heavy | U223: =IF(K223="","",IF(ISNUMBER(SEARCH("TURBINE",K223)),"Turbine",IF(ISNUMBER(SEARCH("GENERATOR",K223)),"Generator",IF(ISNUMBER(SEARCH("BOILER",K223)),"Boiler",IF(ISNUMBER(SEARCH("AIR PREHEATER",K223)),"Auxiliary",IF(ISNUMBER(SEARCH("ELECTRICAL",K223)),"Electrical","Other")))))) | V223: =AVERAGEIFS(G:G,B:B,B223,H:H,0) -> 3.9888889 | W223: =IF(P223=1,MAX(0,V223-G223),0) -> 0
A224: 46210 | B224: 6 | C224: ="Unit "&B224 -> Unit 6 | E224: 195 | F224: 3.84 | G224: 3.84 | H224: 0 | L224: =E224*24/1000 -> 4.68 | M224: =G224/L224 -> 0.82051282 | N224: =G224-F224 -> 0 | O224: =IF(F224=0,"",G224/F224) -> 1 | P224: =IF(H224>0,1,0) -> 0 | Q224: =IF(G224=0,1,0) -> 0 | R224: =TEXT(A224,"mmm") -> Jul | S224: =WEEKNUM(A224,2) -> 28 | T224: =IF(A224<DATE(2026,6,30),"1-Pre-outage",IF(A224<DATE(2026,7,5),"2-Transition","3-Outage-heavy")) -> 3-Outage-heavy | U224: =IF(K224="","",IF(ISNUMBER(SEARCH("TURBINE",K224)),"Turbine",IF(ISNUMBER(SEARCH("GENERATOR",K224)),"Generator",IF(ISNUMBER(SEARCH("BOILER",K224)),"Boiler",IF(ISNUMBER(SEARCH("AIR PREHEATER",K224)),"Auxiliary",IF(ISNUMBER(SEARCH("ELECTRICAL",K224)),"Electrical","Other")))))) | V224: =AVERAGEIFS(G:G,B:B,B224,H:H,0) -> 3.8537778 | W224: =IF(P224=1,MAX(0,V224-G224),0) -> 0
A225: 46210 | B225: 7 | C225: ="Unit "&B225 -> Unit 7 | E225: 195 | F225: 0 | G225: 3.95 | H225: 0 | L225: =E225*24/1000 -> 4.68 | M225: =G225/L225 -> 0.84401709 | N225: =G225-F225 -> 3.95 | O225: =IF(F225=0,"",G225/F225) | P225: =IF(H225>0,1,0) -> 0 | Q225: =IF(G225=0,1,0) -> 0 | R225: =TEXT(A225,"mmm") -> Jul | S225: =WEEKNUM(A225,2) -> 28 | T225: =IF(A225<DATE(2026,6,30),"1-Pre-outage",IF(A225<DATE(2026,7,5),"2-Transition","3-Outage-heavy")) -> 3-Outage-heavy | U225: =IF(K225="","",IF(ISNUMBER(SEARCH("TURBINE",K225)),"Turbine",IF(ISNUMBER(SEARCH("GENERATOR",K225)),"Generator",IF(ISNUMBER(SEARCH("BOILER",K225)),"Boiler",IF(ISNUMBER(SEARCH("AIR PREHEATER",K225)),"Auxiliary",IF(ISNUMBER(SEARCH("ELECTRICAL",K225)),"Electrical","Other")))))) | V225: =AVERAGEIFS(G:G,B:B,B225,H:H,0) -> 3.98375 | W225: =IF(P225=1,MAX(0,V225-G225),0) -> 0
A226: 46211 | B226: 1 | C226: ="Unit "&B226 -> Unit 1 | E226: 110 | F226: 1.84 | G226: 1.51 | H226: 0 | L226: =E226*24/1000 -> 2.64 | M226: =G226/L226 -> 0.5719697 | N226: =G226-F226 -> -0.33 | O226: =IF(F226=0,"",G226/F226) -> 0.82065217 | P226: =IF(H226>0,1,0) -> 0 | Q226: =IF(G226=0,1,0) -> 0 | R226: =TEXT(A226,"mmm") -> Jul | S226: =WEEKNUM(A226,2) -> 28 | T226: =IF(A226<DATE(2026,6,30),"1-Pre-outage",IF(A226<DATE(2026,7,5),"2-Transition","3-Outage-heavy")) -> 3-Outage-heavy | U226: =IF(K226="","",IF(ISNUMBER(SEARCH("TURBINE",K226)),"Turbine",IF(ISNUMBER(SEARCH("GENERATOR",K226)),"Generator",IF(ISNUMBER(SEARCH("BOILER",K226)),"Boiler",IF(ISNUMBER(SEARCH("AIR PREHEATER",K226)),"Auxiliary",IF(ISNUMBER(SEARCH("ELECTRICAL",K226)),"Electrical","Other")))))) | V226: =AVERAGEIFS(G:G,B:B,B226,H:H,0) -> 1.6118182 | W226: =IF(P226=1,MAX(0,V226-G226),0) -> 0
A227: 46211 | B227: 2 | C227: ="Unit "&B227 -> Unit 2 | E227: 110 | F227: 1.87 | G227: 1.53 | H227: 0 | L227: =E227*24/1000 -> 2.64 | M227: =G227/L227 -> 0.57954545 | N227: =G227-F227 -> -0.34 | O227: =IF(F227=0,"",G227/F227) -> 0.81818182 | P227: =IF(H227>0,1,0) -> 0 | Q227: =IF(G227=0,1,0) -> 0 | R227: =TEXT(A227,"mmm") -> Jul | S227: =WEEKNUM(A227,2) -> 28 | T227: =IF(A227<DATE(2026,6,30),"1-Pre-outage",IF(A227<DATE(2026,7,5),"2-Transition","3-Outage-heavy")) -> 3-Outage-heavy | U227: =IF(K227="","",IF(ISNUMBER(SEARCH("TURBINE",K227)),"Turbine",IF(ISNUMBER(SEARCH("GENERATOR",K227)),"Generator",IF(ISNUMBER(SEARCH("BOILER",K227)),"Boiler",IF(ISNUMBER(SEARCH("AIR PREHEATER",K227)),"Auxiliary",IF(ISNUMBER(SEARCH("ELECTRICAL",K227)),"Electrical","Other")))))) | V227: =AVERAGEIFS(G:G,B:B,B227,H:H,0) -> 1.6795556 | W227: =IF(P227=1,MAX(0,V227-G227),0) -> 0
A228: 46211 | B228: 3 | C228: ="Unit "&B228 -> Unit 3 | E228: 210 | F228: 3.67 | G228: 3.53 | H228: 0 | L228: =E228*24/1000 -> 5.04 | M228: =G228/L228 -> 0.70039683 | N228: =G228-F228 -> -0.14 | O228: =IF(F228=0,"",G228/F228) -> 0.96185286 | P228: =IF(H228>0,1,0) -> 0 | Q228: =IF(G228=0,1,0) -> 0 | R228: =TEXT(A228,"mmm") -> Jul | S228: =WEEKNUM(A228,2) -> 28 | T228: =IF(A228<DATE(2026,6,30),"1-Pre-outage",IF(A228<DATE(2026,7,5),"2-Transition","3-Outage-heavy")) -> 3-Outage-heavy | U228: =IF(K228="","",IF(ISNUMBER(SEARCH("TURBINE",K228)),"Turbine",IF(ISNUMBER(SEARCH("GENERATOR",K228)),"Generator",IF(ISNUMBER(SEARCH("BOILER",K228)),"Boiler",IF(ISNUMBER(SEARCH("AIR PREHEATER",K228)),"Auxiliary",IF(ISNUMBER(SEARCH("ELECTRICAL",K228)),"Electrical","Other")))))) | V228: =AVERAGEIFS(G:G,B:B,B228,H:H,0) -> 3.7269767 | W228: =IF(P228=1,MAX(0,V228-G228),0) -> 0
A229: 46211 | B229: 4 | C229: ="Unit "&B229 -> Unit 4 | D229: S | E229: 210 | F229: 0 | G229: 0 | H229: 210 | I229: 46208 | K229: TURBINE BEARING PROBLEM | L229: =E229*24/1000 -> 5.04 | M229: =G229/L229 -> 0 | N229: =G229-F229 -> 0 | O229: =IF(F229=0,"",G229/F229) | P229: =IF(H229>0,1,0) -> 1 | Q229: =IF(G229=0,1,0) -> 1 | R229: =TEXT(A229,"mmm") -> Jul | S229: =WEEKNUM(A229,2) -> 28 | T229: =IF(A229<DATE(2026,6,30),"1-Pre-outage",IF(A229<DATE(2026,7,5),"2-Transition","3-Outage-heavy")) -> 3-Outage-heavy | U229: =IF(K229="","",IF(ISNUMBER(SEARCH("TURBINE",K229)),"Turbine",IF(ISNUMBER(SEARCH("GENERATOR",K229)),"Generator",IF(ISNUMBER(SEARCH("BOILER",K229)),"Boiler",IF(ISNUMBER(SEARCH("AIR PREHEATER",K229)),"Auxiliary",IF(ISNUMBER(SEARCH("ELECTRICAL",K229)),"Electrical","Other")))))) -> Turbine | V229: =AVERAGEIFS(G:G,B:B,B229,H:H,0) -> 3.5358621 | W229: =IF(P229=1,MAX(0,V229-G229),0) -> 3.5358621
A230: 46211 | B230: 5 | C230: ="Unit "&B230 -> Unit 5 | E230: 210 | F230: 3.81 | G230: 3.86 | H230: 0 | L230: =E230*24/1000 -> 5.04 | M230: =G230/L230 -> 0.76587302 | N230: =G230-F230 -> 0.05 | O230: =IF(F230=0,"",G230/F230) -> 1.0131234 | P230: =IF(H230>0,1,0) -> 0 | Q230: =IF(G230=0,1,0) -> 0 | R230: =TEXT(A230,"mmm") -> Jul | S230: =WEEKNUM(A230,2) -> 28 | T230: =IF(A230<DATE(2026,6,30),"1-Pre-outage",IF(A230<DATE(2026,7,5),"2-Transition","3-Outage-heavy")) -> 3-Outage-heavy | U230: =IF(K230="","",IF(ISNUMBER(SEARCH("TURBINE",K230)),"Turbine",IF(ISNUMBER(SEARCH("GENERATOR",K230)),"Generator",IF(ISNUMBER(SEARCH("BOILER",K230)),"Boiler",IF(ISNUMBER(SEARCH("AIR PREHEATER",K230)),"Auxiliary",IF(ISNUMBER(SEARCH("ELECTRICAL",K230)),"Electrical","Other")))))) | V230: =AVERAGEIFS(G:G,B:B,B230,H:H,0) -> 3.9888889 | W230: =IF(P230=1,MAX(0,V230-G230),0) -> 0
A231: 46211 | B231: 6 | C231: ="Unit "&B231 -> Unit 6 | E231: 195 | F231: 3.84 | G231: 3.84 | H231: 0 | L231: =E231*24/1000 -> 4.68 | M231: =G231/L231 -> 0.82051282 | N231: =G231-F231 -> 0 | O231: =IF(F231=0,"",G231/F231) -> 1 | P231: =IF(H231>0,1,0) -> 0 | Q231: =IF(G231=0,1,0) -> 0 | R231: =TEXT(A231,"mmm") -> Jul | S231: =WEEKNUM(A231,2) -> 28 | T231: =IF(A231<DATE(2026,6,30),"1-Pre-outage",IF(A231<DATE(2026,7,5),"2-Transition","3-Outage-heavy")) -> 3-Outage-heavy | U231: =IF(K231="","",IF(ISNUMBER(SEARCH("TURBINE",K231)),"Turbine",IF(ISNUMBER(SEARCH("GENERATOR",K231)),"Generator",IF(ISNUMBER(SEARCH("BOILER",K231)),"Boiler",IF(ISNUMBER(SEARCH("AIR PREHEATER",K231)),"Auxiliary",IF(ISNUMBER(SEARCH("ELECTRICAL",K231)),"Electrical","Other")))))) | V231: =AVERAGEIFS(G:G,B:B,B231,H:H,0) -> 3.8537778 | W231: =IF(P231=1,MAX(0,V231-G231),0) -> 0
A232: 46211 | B232: 7 | C232: ="Unit "&B232 -> Unit 7 | E232: 195 | F232: 0 | G232: 3.89 | H232: 0 | L232: =E232*24/1000 -> 4.68 | M232: =G232/L232 -> 0.83119658 | N232: =G232-F232 -> 3.89 | O232: =IF(F232=0,"",G232/F232) | P232: =IF(H232>0,1,0) -> 0 | Q232: =IF(G232=0,1,0) -> 0 | R232: =TEXT(A232,"mmm") -> Jul | S232: =WEEKNUM(A232,2) -> 28 | T232: =IF(A232<DATE(2026,6,30),"1-Pre-outage",IF(A232<DATE(2026,7,5),"2-Transition","3-Outage-heavy")) -> 3-Outage-heavy | U232: =IF(K232="","",IF(ISNUMBER(SEARCH("TURBINE",K232)),"Turbine",IF(ISNUMBER(SEARCH("GENERATOR",K232)),"Generator",IF(ISNUMBER(SEARCH("BOILER",K232)),"Boiler",IF(ISNUMBER(SEARCH("AIR PREHEATER",K232)),"Auxiliary",IF(ISNUMBER(SEARCH("ELECTRICAL",K232)),"Electrical","Other")))))) | V232: =AVERAGEIFS(G:G,B:B,B232,H:H,0) -> 3.98375 | W232: =IF(P232=1,MAX(0,V232-G232),0) -> 0
A233: 46212 | B233: 1 | C233: ="Unit "&B233 -> Unit 1 | D233: S | E233: 110 | F233: 1.84 | G233: 0 | H233: 110 | I233: 46212.001 | K233: GENERATOR MISCLLANEOUS MAINTENANCE | L233: =E233*24/1000 -> 2.64 | M233: =G233/L233 -> 0 | N233: =G233-F233 -> -1.84 | O233: =IF(F233=0,"",G233/F233) -> 0 | P233: =IF(H233>0,1,0) -> 1 | Q233: =IF(G233=0,1,0) -> 1 | R233: =TEXT(A233,"mmm") -> Jul | S233: =WEEKNUM(A233,2) -> 28 | T233: =IF(A233<DATE(2026,6,30),"1-Pre-outage",IF(A233<DATE(2026,7,5),"2-Transition","3-Outage-heavy")) -> 3-Outage-heavy | U233: =IF(K233="","",IF(ISNUMBER(SEARCH("TURBINE",K233)),"Turbine",IF(ISNUMBER(SEARCH("GENERATOR",K233)),"Generator",IF(ISNUMBER(SEARCH("BOILER",K233)),"Boiler",IF(ISNUMBER(SEARCH("AIR PREHEATER",K233)),"Auxiliary",IF(ISNUMBER(SEARCH("ELECTRICAL",K233)),"Electrical","Other")))))) -> Generator | V233: =AVERAGEIFS(G:G,B:B,B233,H:H,0) -> 1.6118182 | W233: =IF(P233=1,MAX(0,V233-G233),0) -> 1.6118182
A234: 46212 | B234: 2 | C234: ="Unit "&B234 -> Unit 2 | E234: 110 | F234: 1.87 | G234: 1.49 | H234: 0 | L234: =E234*24/1000 -> 2.64 | M234: =G234/L234 -> 0.56439394 | N234: =G234-F234 -> -0.38 | O234: =IF(F234=0,"",G234/F234) -> 0.79679144 | P234: =IF(H234>0,1,0) -> 0 | Q234: =IF(G234=0,1,0) -> 0 | R234: =TEXT(A234,"mmm") -> Jul | S234: =WEEKNUM(A234,2) -> 28 | T234: =IF(A234<DATE(2026,6,30),"1-Pre-outage",IF(A234<DATE(2026,7,5),"2-Transition","3-Outage-heavy")) -> 3-Outage-heavy | U234: =IF(K234="","",IF(ISNUMBER(SEARCH("TURBINE",K234)),"Turbine",IF(ISNUMBER(SEARCH("GENERATOR",K234)),"Generator",IF(ISNUMBER(SEARCH("BOILER",K234)),"Boiler",IF(ISNUMBER(SEARCH("AIR PREHEATER",K234)),"Auxiliary",IF(ISNUMBER(SEARCH("ELECTRICAL",K234)),"Electrical","Other")))))) | V234: =AVERAGEIFS(G:G,B:B,B234,H:H,0) -> 1.6795556 | W234: =IF(P234=1,MAX(0,V234-G234),0) -> 0
A235: 46212 | B235: 3 | C235: ="Unit "&B235 -> Unit 3 | D235: S | E235: 210 | F235: 3.67 | G235: 1.2 | H235: 210 | I235: 46212.369 | K235: GENERATOR MISCLLANEOUS MAINTENANCE | L235: =E235*24/1000 -> 5.04 | M235: =G235/L235 -> 0.23809524 | N235: =G235-F235 -> -2.47 | O235: =IF(F235=0,"",G235/F235) -> 0.32697548 | P235: =IF(H235>0,1,0) -> 1 | Q235: =IF(G235=0,1,0) -> 0 | R235: =TEXT(A235,"mmm") -> Jul | S235: =WEEKNUM(A235,2) -> 28 | T235: =IF(A235<DATE(2026,6,30),"1-Pre-outage",IF(A235<DATE(2026,7,5),"2-Transition","3-Outage-heavy")) -> 3-Outage-heavy | U235: =IF(K235="","",IF(ISNUMBER(SEARCH("TURBINE",K235)),"Turbine",IF(ISNUMBER(SEARCH("GENERATOR",K235)),"Generator",IF(ISNUMBER(SEARCH("BOILER",K235)),"Boiler",IF(ISNUMBER(SEARCH("AIR PREHEATER",K235)),"Auxiliary",IF(ISNUMBER(SEARCH("ELECTRICAL",K235)),"Electrical","Other")))))) -> Generator | V235: =AVERAGEIFS(G:G,B:B,B235,H:H,0) -> 3.7269767 | W235: =IF(P235=1,MAX(0,V235-G235),0) -> 2.5269767
A236: 46212 | B236: 4 | C236: ="Unit "&B236 -> Unit 4 | D236: S | E236: 210 | F236: 0 | G236: 0 | H236: 210 | I236: 46208 | K236: TURBINE BEARING PROBLEM | L236: =E236*24/1000 -> 5.04 | M236: =G236/L236 -> 0 | N236: =G236-F236 -> 0 | O236: =IF(F236=0,"",G236/F236) | P236: =IF(H236>0,1,0) -> 1 | Q236: =IF(G236=0,1,0) -> 1 | R236: =TEXT(A236,"mmm") -> Jul | S236: =WEEKNUM(A236,2) -> 28 | T236: =IF(A236<DATE(2026,6,30),"1-Pre-outage",IF(A236<DATE(2026,7,5),"2-Transition","3-Outage-heavy")) -> 3-Outage-heavy | U236: =IF(K236="","",IF(ISNUMBER(SEARCH("TURBINE",K236)),"Turbine",IF(ISNUMBER(SEARCH("GENERATOR",K236)),"Generator",IF(ISNUMBER(SEARCH("BOILER",K236)),"Boiler",IF(ISNUMBER(SEARCH("AIR PREHEATER",K236)),"Auxiliary",IF(ISNUMBER(SEARCH("ELECTRICAL",K236)),"Electrical","Other")))))) -> Turbine | V236: =AVERAGEIFS(G:G,B:B,B236,H:H,0) -> 3.5358621 | W236: =IF(P236=1,MAX(0,V236-G236),0) -> 3.5358621
A237: 46212 | B237: 5 | C237: ="Unit "&B237 -> Unit 5 | E237: 210 | F237: 3.81 | G237: 3.89 | H237: 0 | L237: =E237*24/1000 -> 5.04 | M237: =G237/L237 -> 0.7718254 | N237: =G237-F237 -> 0.08 | O237: =IF(F237=0,"",G237/F237) -> 1.0209974 | P237: =IF(H237>0,1,0) -> 0 | Q237: =IF(G237=0,1,0) -> 0 | R237: =TEXT(A237,"mmm") -> Jul | S237: =WEEKNUM(A237,2) -> 28 | T237: =IF(A237<DATE(2026,6,30),"1-Pre-outage",IF(A237<DATE(2026,7,5),"2-Transition","3-Outage-heavy")) -> 3-Outage-heavy | U237: =IF(K237="","",IF(ISNUMBER(SEARCH("TURBINE",K237)),"Turbine",IF(ISNUMBER(SEARCH("GENERATOR",K237)),"Generator",IF(ISNUMBER(SEARCH("BOILER",K237)),"Boiler",IF(ISNUMBER(SEARCH("AIR PREHEATER",K237)),"Auxiliary",IF(ISNUMBER(SEARCH("ELECTRICAL",K237)),"Electrical","Other")))))) | V237: =AVERAGEIFS(G:G,B:B,B237,H:H,0) -> 3.9888889 | W237: =IF(P237=1,MAX(0,V237-G237),0) -> 0
A238: 46212 | B238: 6 | C238: ="Unit "&B238 -> Unit 6 | E238: 195 | F238: 3.84 | G238: 3.83 | H238: 0 | L238: =E238*24/1000 -> 4.68 | M238: =G238/L238 -> 0.81837607 | N238: =G238-F238 -> -0.01 | O238: =IF(F238=0,"",G238/F238) -> 0.99739583 | P238: =IF(H238>0,1,0) -> 0 | Q238: =IF(G238=0,1,0) -> 0 | R238: =TEXT(A238,"mmm") -> Jul | S238: =WEEKNUM(A238,2) -> 28 | T238: =IF(A238<DATE(2026,6,30),"1-Pre-outage",IF(A238<DATE(2026,7,5),"2-Transition","3-Outage-heavy")) -> 3-Outage-heavy | U238: =IF(K238="","",IF(ISNUMBER(SEARCH("TURBINE",K238)),"Turbine",IF(ISNUMBER(SEARCH("GENERATOR",K238)),"Generator",IF(ISNUMBER(SEARCH("BOILER",K238)),"Boiler",IF(ISNUMBER(SEARCH("AIR PREHEATER",K238)),"Auxiliary",IF(ISNUMBER(SEARCH("ELECTRICAL",K238)),"Electrical","Other")))))) | V238: =AVERAGEIFS(G:G,B:B,B238,H:H,0) -> 3.8537778 | W238: =IF(P238=1,MAX(0,V238-G238),0) -> 0
A239: 46212 | B239: 7 | C239: ="Unit "&B239 -> Unit 7 | E239: 195 | F239: 0 | G239: 3.88 | H239: 0 | L239: =E239*24/1000 -> 4.68 | M239: =G239/L239 -> 0.82905983 | N239: =G239-F239 -> 3.88 | O239: =IF(F239=0,"",G239/F239) | P239: =IF(H239>0,1,0) -> 0 | Q239: =IF(G239=0,1,0) -> 0 | R239: =TEXT(A239,"mmm") -> Jul | S239: =WEEKNUM(A239,2) -> 28 | T239: =IF(A239<DATE(2026,6,30),"1-Pre-outage",IF(A239<DATE(2026,7,5),"2-Transition","3-Outage-heavy")) -> 3-Outage-heavy | U239: =IF(K239="","",IF(ISNUMBER(SEARCH("TURBINE",K239)),"Turbine",IF(ISNUMBER(SEARCH("GENERATOR",K239)),"Generator",IF(ISNUMBER(SEARCH("BOILER",K239)),"Boiler",IF(ISNUMBER(SEARCH("AIR PREHEATER",K239)),"Auxiliary",IF(ISNUMBER(SEARCH("ELECTRICAL",K239)),"Electrical","Other")))))) | V239: =AVERAGEIFS(G:G,B:B,B239,H:H,0) -> 3.98375 | W239: =IF(P239=1,MAX(0,V239-G239),0) -> 0
A240: 46213 | B240: 1 | C240: ="Unit "&B240 -> Unit 1 | D240: S | E240: 110 | F240: 1.84 | G240: 0 | H240: 110 | I240: 46212.001 | K240: GENERATOR MISCLLANEOUS MAINTENANCE | L240: =E240*24/1000 -> 2.64 | M240: =G240/L240 -> 0 | N240: =G240-F240 -> -1.84 | O240: =IF(F240=0,"",G240/F240) -> 0 | P240: =IF(H240>0,1,0) -> 1 | Q240: =IF(G240=0,1,0) -> 1 | R240: =TEXT(A240,"mmm") -> Jul | S240: =WEEKNUM(A240,2) -> 28 | T240: =IF(A240<DATE(2026,6,30),"1-Pre-outage",IF(A240<DATE(2026,7,5),"2-Transition","3-Outage-heavy")) -> 3-Outage-heavy | U240: =IF(K240="","",IF(ISNUMBER(SEARCH("TURBINE",K240)),"Turbine",IF(ISNUMBER(SEARCH("GENERATOR",K240)),"Generator",IF(ISNUMBER(SEARCH("BOILER",K240)),"Boiler",IF(ISNUMBER(SEARCH("AIR PREHEATER",K240)),"Auxiliary",IF(ISNUMBER(SEARCH("ELECTRICAL",K240)),"Electrical","Other")))))) -> Generator | V240: =AVERAGEIFS(G:G,B:B,B240,H:H,0) -> 1.6118182 | W240: =IF(P240=1,MAX(0,V240-G240),0) -> 1.6118182
A241: 46213 | B241: 2 | C241: ="Unit "&B241 -> Unit 2 | E241: 110 | F241: 1.87 | G241: 1.46 | H241: 0 | L241: =E241*24/1000 -> 2.64 | M241: =G241/L241 -> 0.5530303 | N241: =G241-F241 -> -0.41 | O241: =IF(F241=0,"",G241/F241) -> 0.78074866 | P241: =IF(H241>0,1,0) -> 0 | Q241: =IF(G241=0,1,0) -> 0 | R241: =TEXT(A241,"mmm") -> Jul | S241: =WEEKNUM(A241,2) -> 28 | T241: =IF(A241<DATE(2026,6,30),"1-Pre-outage",IF(A241<DATE(2026,7,5),"2-Transition","3-Outage-heavy")) -> 3-Outage-heavy | U241: =IF(K241="","",IF(ISNUMBER(SEARCH("TURBINE",K241)),"Turbine",IF(ISNUMBER(SEARCH("GENERATOR",K241)),"Generator",IF(ISNUMBER(SEARCH("BOILER",K241)),"Boiler",IF(ISNUMBER(SEARCH("AIR PREHEATER",K241)),"Auxiliary",IF(ISNUMBER(SEARCH("ELECTRICAL",K241)),"Electrical","Other")))))) | V241: =AVERAGEIFS(G:G,B:B,B241,H:H,0) -> 1.6795556 | W241: =IF(P241=1,MAX(0,V241-G241),0) -> 0
A242: 46213 | B242: 3 | C242: ="Unit "&B242 -> Unit 3 | D242: * | E242: 210 | F242: 3.67 | G242: 0.08 | H242: 210 | I242: 46212.369 | J242: 46213.753 | K242: GENERATOR MISCLLANEOUS MAINTENANCE | L242: =E242*24/1000 -> 5.04 | M242: =G242/L242 -> 0.015873016 | N242: =G242-F242 -> -3.59 | O242: =IF(F242=0,"",G242/F242) -> 0.021798365 | P242: =IF(H242>0,1,0) -> 1 | Q242: =IF(G242=0,1,0) -> 0 | R242: =TEXT(A242,"mmm") -> Jul | S242: =WEEKNUM(A242,2) -> 28 | T242: =IF(A242<DATE(2026,6,30),"1-Pre-outage",IF(A242<DATE(2026,7,5),"2-Transition","3-Outage-heavy")) -> 3-Outage-heavy | U242: =IF(K242="","",IF(ISNUMBER(SEARCH("TURBINE",K242)),"Turbine",IF(ISNUMBER(SEARCH("GENERATOR",K242)),"Generator",IF(ISNUMBER(SEARCH("BOILER",K242)),"Boiler",IF(ISNUMBER(SEARCH("AIR PREHEATER",K242)),"Auxiliary",IF(ISNUMBER(SEARCH("ELECTRICAL",K242)),"Electrical","Other")))))) -> Generator | V242: =AVERAGEIFS(G:G,B:B,B242,H:H,0) -> 3.7269767 | W242: =IF(P242=1,MAX(0,V242-G242),0) -> 3.6469767
A243: 46213 | B243: 4 | C243: ="Unit "&B243 -> Unit 4 | D243: S | E243: 210 | F243: 0 | G243: 0 | H243: 210 | I243: 46208 | K243: TURBINE BEARING PROBLEM | L243: =E243*24/1000 -> 5.04 | M243: =G243/L243 -> 0 | N243: =G243-F243 -> 0 | O243: =IF(F243=0,"",G243/F243) | P243: =IF(H243>0,1,0) -> 1 | Q243: =IF(G243=0,1,0) -> 1 | R243: =TEXT(A243,"mmm") -> Jul | S243: =WEEKNUM(A243,2) -> 28 | T243: =IF(A243<DATE(2026,6,30),"1-Pre-outage",IF(A243<DATE(2026,7,5),"2-Transition","3-Outage-heavy")) -> 3-Outage-heavy | U243: =IF(K243="","",IF(ISNUMBER(SEARCH("TURBINE",K243)),"Turbine",IF(ISNUMBER(SEARCH("GENERATOR",K243)),"Generator",IF(ISNUMBER(SEARCH("BOILER",K243)),"Boiler",IF(ISNUMBER(SEARCH("AIR PREHEATER",K243)),"Auxiliary",IF(ISNUMBER(SEARCH("ELECTRICAL",K243)),"Electrical","Other")))))) -> Turbine | V243: =AVERAGEIFS(G:G,B:B,B243,H:H,0) -> 3.5358621 | W243: =IF(P243=1,MAX(0,V243-G243),0) -> 3.5358621
A244: 46213 | B244: 5 | C244: ="Unit "&B244 -> Unit 5 | E244: 210 | F244: 3.81 | G244: 3.73 | H244: 0 | L244: =E244*24/1000 -> 5.04 | M244: =G244/L244 -> 0.74007937 | N244: =G244-F244 -> -0.08 | O244: =IF(F244=0,"",G244/F244) -> 0.97900262 | P244: =IF(H244>0,1,0) -> 0 | Q244: =IF(G244=0,1,0) -> 0 | R244: =TEXT(A244,"mmm") -> Jul | S244: =WEEKNUM(A244,2) -> 28 | T244: =IF(A244<DATE(2026,6,30),"1-Pre-outage",IF(A244<DATE(2026,7,5),"2-Transition","3-Outage-heavy")) -> 3-Outage-heavy | U244: =IF(K244="","",IF(ISNUMBER(SEARCH("TURBINE",K244)),"Turbine",IF(ISNUMBER(SEARCH("GENERATOR",K244)),"Generator",IF(ISNUMBER(SEARCH("BOILER",K244)),"Boiler",IF(ISNUMBER(SEARCH("AIR PREHEATER",K244)),"Auxiliary",IF(ISNUMBER(SEARCH("ELECTRICAL",K244)),"Electrical","Other")))))) | V244: =AVERAGEIFS(G:G,B:B,B244,H:H,0) -> 3.9888889 | W244: =IF(P244=1,MAX(0,V244-G244),0) -> 0
A245: 46213 | B245: 6 | C245: ="Unit "&B245 -> Unit 6 | E245: 195 | F245: 3.84 | G245: 3.85 | H245: 0 | L245: =E245*24/1000 -> 4.68 | M245: =G245/L245 -> 0.82264957 | N245: =G245-F245 -> 0.01 | O245: =IF(F245=0,"",G245/F245) -> 1.0026042 | P245: =IF(H245>0,1,0) -> 0 | Q245: =IF(G245=0,1,0) -> 0 | R245: =TEXT(A245,"mmm") -> Jul | S245: =WEEKNUM(A245,2) -> 28 | T245: =IF(A245<DATE(2026,6,30),"1-Pre-outage",IF(A245<DATE(2026,7,5),"2-Transition","3-Outage-heavy")) -> 3-Outage-heavy | U245: =IF(K245="","",IF(ISNUMBER(SEARCH("TURBINE",K245)),"Turbine",IF(ISNUMBER(SEARCH("GENERATOR",K245)),"Generator",IF(ISNUMBER(SEARCH("BOILER",K245)),"Boiler",IF(ISNUMBER(SEARCH("AIR PREHEATER",K245)),"Auxiliary",IF(ISNUMBER(SEARCH("ELECTRICAL",K245)),"Electrical","Other")))))) | V245: =AVERAGEIFS(G:G,B:B,B245,H:H,0) -> 3.8537778 | W245: =IF(P245=1,MAX(0,V245-G245),0) -> 0
A246: 46213 | B246: 7 | C246: ="Unit "&B246 -> Unit 7 | E246: 195 | F246: 0 | G246: 3.78 | H246: 0 | L246: =E246*24/1000 -> 4.68 | M246: =G246/L246 -> 0.80769231 | N246: =G246-F246 -> 3.78 | O246: =IF(F246=0,"",G246/F246) | P246: =IF(H246>0,1,0) -> 0 | Q246: =IF(G246=0,1,0) -> 0 | R246: =TEXT(A246,"mmm") -> Jul | S246: =WEEKNUM(A246,2) -> 28 | T246: =IF(A246<DATE(2026,6,30),"1-Pre-outage",IF(A246<DATE(2026,7,5),"2-Transition","3-Outage-heavy")) -> 3-Outage-heavy | U246: =IF(K246="","",IF(ISNUMBER(SEARCH("TURBINE",K246)),"Turbine",IF(ISNUMBER(SEARCH("GENERATOR",K246)),"Generator",IF(ISNUMBER(SEARCH("BOILER",K246)),"Boiler",IF(ISNUMBER(SEARCH("AIR PREHEATER",K246)),"Auxiliary",IF(ISNUMBER(SEARCH("ELECTRICAL",K246)),"Electrical","Other")))))) | V246: =AVERAGEIFS(G:G,B:B,B246,H:H,0) -> 3.98375 | W246: =IF(P246=1,MAX(0,V246-G246),0) -> 0
A247: 46214 | B247: 1 | C247: ="Unit "&B247 -> Unit 1 | D247: S | E247: 110 | F247: 1.84 | G247: 0 | H247: 110 | I247: 46212.001 | K247: GENERATOR MISCLLANEOUS MAINTENANCE | L247: =E247*24/1000 -> 2.64 | M247: =G247/L247 -> 0 | N247: =G247-F247 -> -1.84 | O247: =IF(F247=0,"",G247/F247) -> 0 | P247: =IF(H247>0,1,0) -> 1 | Q247: =IF(G247=0,1,0) -> 1 | R247: =TEXT(A247,"mmm") -> Jul | S247: =WEEKNUM(A247,2) -> 28 | T247: =IF(A247<DATE(2026,6,30),"1-Pre-outage",IF(A247<DATE(2026,7,5),"2-Transition","3-Outage-heavy")) -> 3-Outage-heavy | U247: =IF(K247="","",IF(ISNUMBER(SEARCH("TURBINE",K247)),"Turbine",IF(ISNUMBER(SEARCH("GENERATOR",K247)),"Generator",IF(ISNUMBER(SEARCH("BOILER",K247)),"Boiler",IF(ISNUMBER(SEARCH("AIR PREHEATER",K247)),"Auxiliary",IF(ISNUMBER(SEARCH("ELECTRICAL",K247)),"Electrical","Other")))))) -> Generator | V247: =AVERAGEIFS(G:G,B:B,B247,H:H,0) -> 1.6118182 | W247: =IF(P247=1,MAX(0,V247-G247),0) -> 1.6118182
A248: 46214 | B248: 2 | C248: ="Unit "&B248 -> Unit 2 | E248: 110 | F248: 1.87 | G248: 1.52 | H248: 0 | L248: =E248*24/1000 -> 2.64 | M248: =G248/L248 -> 0.57575758 | N248: =G248-F248 -> -0.35 | O248: =IF(F248=0,"",G248/F248) -> 0.81283422 | P248: =IF(H248>0,1,0) -> 0 | Q248: =IF(G248=0,1,0) -> 0 | R248: =TEXT(A248,"mmm") -> Jul | S248: =WEEKNUM(A248,2) -> 28 | T248: =IF(A248<DATE(2026,6,30),"1-Pre-outage",IF(A248<DATE(2026,7,5),"2-Transition","3-Outage-heavy")) -> 3-Outage-heavy | U248: =IF(K248="","",IF(ISNUMBER(SEARCH("TURBINE",K248)),"Turbine",IF(ISNUMBER(SEARCH("GENERATOR",K248)),"Generator",IF(ISNUMBER(SEARCH("BOILER",K248)),"Boiler",IF(ISNUMBER(SEARCH("AIR PREHEATER",K248)),"Auxiliary",IF(ISNUMBER(SEARCH("ELECTRICAL",K248)),"Electrical","Other")))))) | V248: =AVERAGEIFS(G:G,B:B,B248,H:H,0) -> 1.6795556 | W248: =IF(P248=1,MAX(0,V248-G248),0) -> 0
A249: 46214 | B249: 3 | C249: ="Unit "&B249 -> Unit 3 | E249: 210 | F249: 3.67 | G249: 3.39 | H249: 0 | L249: =E249*24/1000 -> 5.04 | M249: =G249/L249 -> 0.67261905 | N249: =G249-F249 -> -0.28 | O249: =IF(F249=0,"",G249/F249) -> 0.92370572 | P249: =IF(H249>0,1,0) -> 0 | Q249: =IF(G249=0,1,0) -> 0 | R249: =TEXT(A249,"mmm") -> Jul | S249: =WEEKNUM(A249,2) -> 28 | T249: =IF(A249<DATE(2026,6,30),"1-Pre-outage",IF(A249<DATE(2026,7,5),"2-Transition","3-Outage-heavy")) -> 3-Outage-heavy | U249: =IF(K249="","",IF(ISNUMBER(SEARCH("TURBINE",K249)),"Turbine",IF(ISNUMBER(SEARCH("GENERATOR",K249)),"Generator",IF(ISNUMBER(SEARCH("BOILER",K249)),"Boiler",IF(ISNUMBER(SEARCH("AIR PREHEATER",K249)),"Auxiliary",IF(ISNUMBER(SEARCH("ELECTRICAL",K249)),"Electrical","Other")))))) | V249: =AVERAGEIFS(G:G,B:B,B249,H:H,0) -> 3.7269767 | W249: =IF(P249=1,MAX(0,V249-G249),0) -> 0
A250: 46214 | B250: 4 | C250: ="Unit "&B250 -> Unit 4 | D250: S | E250: 210 | F250: 0 | G250: 0 | H250: 210 | I250: 46208 | K250: TURBINE BEARING PROBLEM | L250: =E250*24/1000 -> 5.04 | M250: =G250/L250 -> 0 | N250: =G250-F250 -> 0 | O250: =IF(F250=0,"",G250/F250) | P250: =IF(H250>0,1,0) -> 1 | Q250: =IF(G250=0,1,0) -> 1 | R250: =TEXT(A250,"mmm") -> Jul | S250: =WEEKNUM(A250,2) -> 28 | T250: =IF(A250<DATE(2026,6,30),"1-Pre-outage",IF(A250<DATE(2026,7,5),"2-Transition","3-Outage-heavy")) -> 3-Outage-heavy | U250: =IF(K250="","",IF(ISNUMBER(SEARCH("TURBINE",K250)),"Turbine",IF(ISNUMBER(SEARCH("GENERATOR",K250)),"Generator",IF(ISNUMBER(SEARCH("BOILER",K250)),"Boiler",IF(ISNUMBER(SEARCH("AIR PREHEATER",K250)),"Auxiliary",IF(ISNUMBER(SEARCH("ELECTRICAL",K250)),"Electrical","Other")))))) -> Turbine | V250: =AVERAGEIFS(G:G,B:B,B250,H:H,0) -> 3.5358621 | W250: =IF(P250=1,MAX(0,V250-G250),0) -> 3.5358621
A251: 46214 | B251: 5 | C251: ="Unit "&B251 -> Unit 5 | E251: 210 | F251: 3.81 | G251: 3.81 | H251: 0 | L251: =E251*24/1000 -> 5.04 | M251: =G251/L251 -> 0.75595238 | N251: =G251-F251 -> 0 | O251: =IF(F251=0,"",G251/F251) -> 1 | P251: =IF(H251>0,1,0) -> 0 | Q251: =IF(G251=0,1,0) -> 0 | R251: =TEXT(A251,"mmm") -> Jul | S251: =WEEKNUM(A251,2) -> 28 | T251: =IF(A251<DATE(2026,6,30),"1-Pre-outage",IF(A251<DATE(2026,7,5),"2-Transition","3-Outage-heavy")) -> 3-Outage-heavy | U251: =IF(K251="","",IF(ISNUMBER(SEARCH("TURBINE",K251)),"Turbine",IF(ISNUMBER(SEARCH("GENERATOR",K251)),"Generator",IF(ISNUMBER(SEARCH("BOILER",K251)),"Boiler",IF(ISNUMBER(SEARCH("AIR PREHEATER",K251)),"Auxiliary",IF(ISNUMBER(SEARCH("ELECTRICAL",K251)),"Electrical","Other")))))) | V251: =AVERAGEIFS(G:G,B:B,B251,H:H,0) -> 3.9888889 | W251: =IF(P251=1,MAX(0,V251-G251),0) -> 0
A252: 46214 | B252: 6 | C252: ="Unit "&B252 -> Unit 6 | E252: 195 | F252: 3.84 | G252: 3.83 | H252: 0 | L252: =E252*24/1000 -> 4.68 | M252: =G252/L252 -> 0.81837607 | N252: =G252-F252 -> -0.01 | O252: =IF(F252=0,"",G252/F252) -> 0.99739583 | P252: =IF(H252>0,1,0) -> 0 | Q252: =IF(G252=0,1,0) -> 0 | R252: =TEXT(A252,"mmm") -> Jul | S252: =WEEKNUM(A252,2) -> 28 | T252: =IF(A252<DATE(2026,6,30),"1-Pre-outage",IF(A252<DATE(2026,7,5),"2-Transition","3-Outage-heavy")) -> 3-Outage-heavy | U252: =IF(K252="","",IF(ISNUMBER(SEARCH("TURBINE",K252)),"Turbine",IF(ISNUMBER(SEARCH("GENERATOR",K252)),"Generator",IF(ISNUMBER(SEARCH("BOILER",K252)),"Boiler",IF(ISNUMBER(SEARCH("AIR PREHEATER",K252)),"Auxiliary",IF(ISNUMBER(SEARCH("ELECTRICAL",K252)),"Electrical","Other")))))) | V252: =AVERAGEIFS(G:G,B:B,B252,H:H,0) -> 3.8537778 | W252: =IF(P252=1,MAX(0,V252-G252),0) -> 0
A253: 46214 | B253: 7 | C253: ="Unit "&B253 -> Unit 7 | E253: 195 | F253: 0 | G253: 3.88 | H253: 0 | L253: =E253*24/1000 -> 4.68 | M253: =G253/L253 -> 0.82905983 | N253: =G253-F253 -> 3.88 | O253: =IF(F253=0,"",G253/F253) | P253: =IF(H253>0,1,0) -> 0 | Q253: =IF(G253=0,1,0) -> 0 | R253: =TEXT(A253,"mmm") -> Jul | S253: =WEEKNUM(A253,2) -> 28 | T253: =IF(A253<DATE(2026,6,30),"1-Pre-outage",IF(A253<DATE(2026,7,5),"2-Transition","3-Outage-heavy")) -> 3-Outage-heavy | U253: =IF(K253="","",IF(ISNUMBER(SEARCH("TURBINE",K253)),"Turbine",IF(ISNUMBER(SEARCH("GENERATOR",K253)),"Generator",IF(ISNUMBER(SEARCH("BOILER",K253)),"Boiler",IF(ISNUMBER(SEARCH("AIR PREHEATER",K253)),"Auxiliary",IF(ISNUMBER(SEARCH("ELECTRICAL",K253)),"Electrical","Other")))))) | V253: =AVERAGEIFS(G:G,B:B,B253,H:H,0) -> 3.98375 | W253: =IF(P253=1,MAX(0,V253-G253),0) -> 0
A254: 46215 | B254: 1 | C254: ="Unit "&B254 -> Unit 1 | D254: S | E254: 110 | F254: 1.84 | G254: 0 | H254: 110 | I254: 46212.001 | K254: GENERATOR MISCLLANEOUS MAINTENANCE | L254: =E254*24/1000 -> 2.64 | M254: =G254/L254 -> 0 | N254: =G254-F254 -> -1.84 | O254: =IF(F254=0,"",G254/F254) -> 0 | P254: =IF(H254>0,1,0) -> 1 | Q254: =IF(G254=0,1,0) -> 1 | R254: =TEXT(A254,"mmm") -> Jul | S254: =WEEKNUM(A254,2) -> 28 | T254: =IF(A254<DATE(2026,6,30),"1-Pre-outage",IF(A254<DATE(2026,7,5),"2-Transition","3-Outage-heavy")) -> 3-Outage-heavy | U254: =IF(K254="","",IF(ISNUMBER(SEARCH("TURBINE",K254)),"Turbine",IF(ISNUMBER(SEARCH("GENERATOR",K254)),"Generator",IF(ISNUMBER(SEARCH("BOILER",K254)),"Boiler",IF(ISNUMBER(SEARCH("AIR PREHEATER",K254)),"Auxiliary",IF(ISNUMBER(SEARCH("ELECTRICAL",K254)),"Electrical","Other")))))) -> Generator | V254: =AVERAGEIFS(G:G,B:B,B254,H:H,0) -> 1.6118182 | W254: =IF(P254=1,MAX(0,V254-G254),0) -> 1.6118182
A255: 46215 | B255: 2 | C255: ="Unit "&B255 -> Unit 2 | E255: 110 | F255: 1.87 | G255: 1.53 | H255: 0 | L255: =E255*24/1000 -> 2.64 | M255: =G255/L255 -> 0.57954545 | N255: =G255-F255 -> -0.34 | O255: =IF(F255=0,"",G255/F255) -> 0.81818182 | P255: =IF(H255>0,1,0) -> 0 | Q255: =IF(G255=0,1,0) -> 0 | R255: =TEXT(A255,"mmm") -> Jul | S255: =WEEKNUM(A255,2) -> 28 | T255: =IF(A255<DATE(2026,6,30),"1-Pre-outage",IF(A255<DATE(2026,7,5),"2-Transition","3-Outage-heavy")) -> 3-Outage-heavy | U255: =IF(K255="","",IF(ISNUMBER(SEARCH("TURBINE",K255)),"Turbine",IF(ISNUMBER(SEARCH("GENERATOR",K255)),"Generator",IF(ISNUMBER(SEARCH("BOILER",K255)),"Boiler",IF(ISNUMBER(SEARCH("AIR PREHEATER",K255)),"Auxiliary",IF(ISNUMBER(SEARCH("ELECTRICAL",K255)),"Electrical","Other")))))) | V255: =AVERAGEIFS(G:G,B:B,B255,H:H,0) -> 1.6795556 | W255: =IF(P255=1,MAX(0,V255-G255),0) -> 0
A256: 46215 | B256: 3 | C256: ="Unit "&B256 -> Unit 3 | E256: 210 | F256: 3.67 | G256: 3.48 | H256: 0 | L256: =E256*24/1000 -> 5.04 | M256: =G256/L256 -> 0.69047619 | N256: =G256-F256 -> -0.19 | O256: =IF(F256=0,"",G256/F256) -> 0.94822888 | P256: =IF(H256>0,1,0) -> 0 | Q256: =IF(G256=0,1,0) -> 0 | R256: =TEXT(A256,"mmm") -> Jul | S256: =WEEKNUM(A256,2) -> 28 | T256: =IF(A256<DATE(2026,6,30),"1-Pre-outage",IF(A256<DATE(2026,7,5),"2-Transition","3-Outage-heavy")) -> 3-Outage-heavy | U256: =IF(K256="","",IF(ISNUMBER(SEARCH("TURBINE",K256)),"Turbine",IF(ISNUMBER(SEARCH("GENERATOR",K256)),"Generator",IF(ISNUMBER(SEARCH("BOILER",K256)),"Boiler",IF(ISNUMBER(SEARCH("AIR PREHEATER",K256)),"Auxiliary",IF(ISNUMBER(SEARCH("ELECTRICAL",K256)),"Electrical","Other")))))) | V256: =AVERAGEIFS(G:G,B:B,B256,H:H,0) -> 3.7269767 | W256: =IF(P256=1,MAX(0,V256-G256),0) -> 0
A257: 46215 | B257: 4 | C257: ="Unit "&B257 -> Unit 4 | D257: S | E257: 210 | F257: 0 | G257: 0 | H257: 210 | I257: 46208 | K257: TURBINE BEARING PROBLEM | L257: =E257*24/1000 -> 5.04 | M257: =G257/L257 -> 0 | N257: =G257-F257 -> 0 | O257: =IF(F257=0,"",G257/F257) | P257: =IF(H257>0,1,0) -> 1 | Q257: =IF(G257=0,1,0) -> 1 | R257: =TEXT(A257,"mmm") -> Jul | S257: =WEEKNUM(A257,2) -> 28 | T257: =IF(A257<DATE(2026,6,30),"1-Pre-outage",IF(A257<DATE(2026,7,5),"2-Transition","3-Outage-heavy")) -> 3-Outage-heavy | U257: =IF(K257="","",IF(ISNUMBER(SEARCH("TURBINE",K257)),"Turbine",IF(ISNUMBER(SEARCH("GENERATOR",K257)),"Generator",IF(ISNUMBER(SEARCH("BOILER",K257)),"Boiler",IF(ISNUMBER(SEARCH("AIR PREHEATER",K257)),"Auxiliary",IF(ISNUMBER(SEARCH("ELECTRICAL",K257)),"Electrical","Other")))))) -> Turbine | V257: =AVERAGEIFS(G:G,B:B,B257,H:H,0) -> 3.5358621 | W257: =IF(P257=1,MAX(0,V257-G257),0) -> 3.5358621
A258: 46215 | B258: 5 | C258: ="Unit "&B258 -> Unit 5 | E258: 210 | F258: 3.81 | G258: 3.78 | H258: 0 | L258: =E258*24/1000 -> 5.04 | M258: =G258/L258 -> 0.75 | N258: =G258-F258 -> -0.03 | O258: =IF(F258=0,"",G258/F258) -> 0.99212598 | P258: =IF(H258>0,1,0) -> 0 | Q258: =IF(G258=0,1,0) -> 0 | R258: =TEXT(A258,"mmm") -> Jul | S258: =WEEKNUM(A258,2) -> 28 | T258: =IF(A258<DATE(2026,6,30),"1-Pre-outage",IF(A258<DATE(2026,7,5),"2-Transition","3-Outage-heavy")) -> 3-Outage-heavy | U258: =IF(K258="","",IF(ISNUMBER(SEARCH("TURBINE",K258)),"Turbine",IF(ISNUMBER(SEARCH("GENERATOR",K258)),"Generator",IF(ISNUMBER(SEARCH("BOILER",K258)),"Boiler",IF(ISNUMBER(SEARCH("AIR PREHEATER",K258)),"Auxiliary",IF(ISNUMBER(SEARCH("ELECTRICAL",K258)),"Electrical","Other")))))) | V258: =AVERAGEIFS(G:G,B:B,B258,H:H,0) -> 3.9888889 | W258: =IF(P258=1,MAX(0,V258-G258),0) -> 0
A259: 46215 | B259: 6 | C259: ="Unit "&B259 -> Unit 6 | E259: 195 | F259: 3.84 | G259: 3.83 | H259: 0 | L259: =E259*24/1000 -> 4.68 | M259: =G259/L259 -> 0.81837607 | N259: =G259-F259 -> -0.01 | O259: =IF(F259=0,"",G259/F259) -> 0.99739583 | P259: =IF(H259>0,1,0) -> 0 | Q259: =IF(G259=0,1,0) -> 0 | R259: =TEXT(A259,"mmm") -> Jul | S259: =WEEKNUM(A259,2) -> 28 | T259: =IF(A259<DATE(2026,6,30),"1-Pre-outage",IF(A259<DATE(2026,7,5),"2-Transition","3-Outage-heavy")) -> 3-Outage-heavy | U259: =IF(K259="","",IF(ISNUMBER(SEARCH("TURBINE",K259)),"Turbine",IF(ISNUMBER(SEARCH("GENERATOR",K259)),"Generator",IF(ISNUMBER(SEARCH("BOILER",K259)),"Boiler",IF(ISNUMBER(SEARCH("AIR PREHEATER",K259)),"Auxiliary",IF(ISNUMBER(SEARCH("ELECTRICAL",K259)),"Electrical","Other")))))) | V259: =AVERAGEIFS(G:G,B:B,B259,H:H,0) -> 3.8537778 | W259: =IF(P259=1,MAX(0,V259-G259),0) -> 0
A260: 46215 | B260: 7 | C260: ="Unit "&B260 -> Unit 7 | E260: 195 | F260: 0 | G260: 3.89 | H260: 0 | L260: =E260*24/1000 -> 4.68 | M260: =G260/L260 -> 0.83119658 | N260: =G260-F260 -> 3.89 | O260: =IF(F260=0,"",G260/F260) | P260: =IF(H260>0,1,0) -> 0 | Q260: =IF(G260=0,1,0) -> 0 | R260: =TEXT(A260,"mmm") -> Jul | S260: =WEEKNUM(A260,2) -> 28 | T260: =IF(A260<DATE(2026,6,30),"1-Pre-outage",IF(A260<DATE(2026,7,5),"2-Transition","3-Outage-heavy")) -> 3-Outage-heavy | U260: =IF(K260="","",IF(ISNUMBER(SEARCH("TURBINE",K260)),"Turbine",IF(ISNUMBER(SEARCH("GENERATOR",K260)),"Generator",IF(ISNUMBER(SEARCH("BOILER",K260)),"Boiler",IF(ISNUMBER(SEARCH("AIR PREHEATER",K260)),"Auxiliary",IF(ISNUMBER(SEARCH("ELECTRICAL",K260)),"Electrical","Other")))))) | V260: =AVERAGEIFS(G:G,B:B,B260,H:H,0) -> 3.98375 | W260: =IF(P260=1,MAX(0,V260-G260),0) -> 0
A261: 46216 | B261: 1 | C261: ="Unit "&B261 -> Unit 1 | D261: S | E261: 110 | F261: 1.84 | G261: 0 | H261: 110 | I261: 46212.001 | K261: GENERATOR MISCLLANEOUS MAINTENANCE | L261: =E261*24/1000 -> 2.64 | M261: =G261/L261 -> 0 | N261: =G261-F261 -> -1.84 | O261: =IF(F261=0,"",G261/F261) -> 0 | P261: =IF(H261>0,1,0) -> 1 | Q261: =IF(G261=0,1,0) -> 1 | R261: =TEXT(A261,"mmm") -> Jul | S261: =WEEKNUM(A261,2) -> 29 | T261: =IF(A261<DATE(2026,6,30),"1-Pre-outage",IF(A261<DATE(2026,7,5),"2-Transition","3-Outage-heavy")) -> 3-Outage-heavy | U261: =IF(K261="","",IF(ISNUMBER(SEARCH("TURBINE",K261)),"Turbine",IF(ISNUMBER(SEARCH("GENERATOR",K261)),"Generator",IF(ISNUMBER(SEARCH("BOILER",K261)),"Boiler",IF(ISNUMBER(SEARCH("AIR PREHEATER",K261)),"Auxiliary",IF(ISNUMBER(SEARCH("ELECTRICAL",K261)),"Electrical","Other")))))) -> Generator | V261: =AVERAGEIFS(G:G,B:B,B261,H:H,0) -> 1.6118182 | W261: =IF(P261=1,MAX(0,V261-G261),0) -> 1.6118182
A262: 46216 | B262: 2 | C262: ="Unit "&B262 -> Unit 2 | E262: 110 | F262: 1.87 | G262: 1.69 | H262: 0 | L262: =E262*24/1000 -> 2.64 | M262: =G262/L262 -> 0.64015152 | N262: =G262-F262 -> -0.18 | O262: =IF(F262=0,"",G262/F262) -> 0.90374332 | P262: =IF(H262>0,1,0) -> 0 | Q262: =IF(G262=0,1,0) -> 0 | R262: =TEXT(A262,"mmm") -> Jul | S262: =WEEKNUM(A262,2) -> 29 | T262: =IF(A262<DATE(2026,6,30),"1-Pre-outage",IF(A262<DATE(2026,7,5),"2-Transition","3-Outage-heavy")) -> 3-Outage-heavy | U262: =IF(K262="","",IF(ISNUMBER(SEARCH("TURBINE",K262)),"Turbine",IF(ISNUMBER(SEARCH("GENERATOR",K262)),"Generator",IF(ISNUMBER(SEARCH("BOILER",K262)),"Boiler",IF(ISNUMBER(SEARCH("AIR PREHEATER",K262)),"Auxiliary",IF(ISNUMBER(SEARCH("ELECTRICAL",K262)),"Electrical","Other")))))) | V262: =AVERAGEIFS(G:G,B:B,B262,H:H,0) -> 1.6795556 | W262: =IF(P262=1,MAX(0,V262-G262),0) -> 0
A263: 46216 | B263: 3 | C263: ="Unit "&B263 -> Unit 3 | E263: 210 | F263: 3.67 | G263: 3.69 | H263: 0 | L263: =E263*24/1000 -> 5.04 | M263: =G263/L263 -> 0.73214286 | N263: =G263-F263 -> 0.02 | O263: =IF(F263=0,"",G263/F263) -> 1.0054496 | P263: =IF(H263>0,1,0) -> 0 | Q263: =IF(G263=0,1,0) -> 0 | R263: =TEXT(A263,"mmm") -> Jul | S263: =WEEKNUM(A263,2) -> 29 | T263: =IF(A263<DATE(2026,6,30),"1-Pre-outage",IF(A263<DATE(2026,7,5),"2-Transition","3-Outage-heavy")) -> 3-Outage-heavy | U263: =IF(K263="","",IF(ISNUMBER(SEARCH("TURBINE",K263)),"Turbine",IF(ISNUMBER(SEARCH("GENERATOR",K263)),"Generator",IF(ISNUMBER(SEARCH("BOILER",K263)),"Boiler",IF(ISNUMBER(SEARCH("AIR PREHEATER",K263)),"Auxiliary",IF(ISNUMBER(SEARCH("ELECTRICAL",K263)),"Electrical","Other")))))) | V263: =AVERAGEIFS(G:G,B:B,B263,H:H,0) -> 3.7269767 | W263: =IF(P263=1,MAX(0,V263-G263),0) -> 0
A264: 46216 | B264: 4 | C264: ="Unit "&B264 -> Unit 4 | D264: S | E264: 210 | F264: 0 | G264: 0 | H264: 210 | I264: 46208 | K264: TURBINE BEARING PROBLEM | L264: =E264*24/1000 -> 5.04 | M264: =G264/L264 -> 0 | N264: =G264-F264 -> 0 | O264: =IF(F264=0,"",G264/F264) | P264: =IF(H264>0,1,0) -> 1 | Q264: =IF(G264=0,1,0) -> 1 | R264: =TEXT(A264,"mmm") -> Jul | S264: =WEEKNUM(A264,2) -> 29 | T264: =IF(A264<DATE(2026,6,30),"1-Pre-outage",IF(A264<DATE(2026,7,5),"2-Transition","3-Outage-heavy")) -> 3-Outage-heavy | U264: =IF(K264="","",IF(ISNUMBER(SEARCH("TURBINE",K264)),"Turbine",IF(ISNUMBER(SEARCH("GENERATOR",K264)),"Generator",IF(ISNUMBER(SEARCH("BOILER",K264)),"Boiler",IF(ISNUMBER(SEARCH("AIR PREHEATER",K264)),"Auxiliary",IF(ISNUMBER(SEARCH("ELECTRICAL",K264)),"Electrical","Other")))))) -> Turbine | V264: =AVERAGEIFS(G:G,B:B,B264,H:H,0) -> 3.5358621 | W264: =IF(P264=1,MAX(0,V264-G264),0) -> 3.5358621
A265: 46216 | B265: 5 | C265: ="Unit "&B265 -> Unit 5 | E265: 210 | F265: 3.81 | G265: 4.02 | H265: 0 | L265: =E265*24/1000 -> 5.04 | M265: =G265/L265 -> 0.79761905 | N265: =G265-F265 -> 0.21 | O265: =IF(F265=0,"",G265/F265) -> 1.0551181 | P265: =IF(H265>0,1,0) -> 0 | Q265: =IF(G265=0,1,0) -> 0 | R265: =TEXT(A265,"mmm") -> Jul | S265: =WEEKNUM(A265,2) -> 29 | T265: =IF(A265<DATE(2026,6,30),"1-Pre-outage",IF(A265<DATE(2026,7,5),"2-Transition","3-Outage-heavy")) -> 3-Outage-heavy | U265: =IF(K265="","",IF(ISNUMBER(SEARCH("TURBINE",K265)),"Turbine",IF(ISNUMBER(SEARCH("GENERATOR",K265)),"Generator",IF(ISNUMBER(SEARCH("BOILER",K265)),"Boiler",IF(ISNUMBER(SEARCH("AIR PREHEATER",K265)),"Auxiliary",IF(ISNUMBER(SEARCH("ELECTRICAL",K265)),"Electrical","Other")))))) | V265: =AVERAGEIFS(G:G,B:B,B265,H:H,0) -> 3.9888889 | W265: =IF(P265=1,MAX(0,V265-G265),0) -> 0
A266: 46216 | B266: 6 | C266: ="Unit "&B266 -> Unit 6 | E266: 195 | F266: 3.84 | G266: 3.85 | H266: 0 | L266: =E266*24/1000 -> 4.68 | M266: =G266/L266 -> 0.82264957 | N266: =G266-F266 -> 0.01 | O266: =IF(F266=0,"",G266/F266) -> 1.0026042 | P266: =IF(H266>0,1,0) -> 0 | Q266: =IF(G266=0,1,0) -> 0 | R266: =TEXT(A266,"mmm") -> Jul | S266: =WEEKNUM(A266,2) -> 29 | T266: =IF(A266<DATE(2026,6,30),"1-Pre-outage",IF(A266<DATE(2026,7,5),"2-Transition","3-Outage-heavy")) -> 3-Outage-heavy | U266: =IF(K266="","",IF(ISNUMBER(SEARCH("TURBINE",K266)),"Turbine",IF(ISNUMBER(SEARCH("GENERATOR",K266)),"Generator",IF(ISNUMBER(SEARCH("BOILER",K266)),"Boiler",IF(ISNUMBER(SEARCH("AIR PREHEATER",K266)),"Auxiliary",IF(ISNUMBER(SEARCH("ELECTRICAL",K266)),"Electrical","Other")))))) | V266: =AVERAGEIFS(G:G,B:B,B266,H:H,0) -> 3.8537778 | W266: =IF(P266=1,MAX(0,V266-G266),0) -> 0
A267: 46216 | B267: 7 | C267: ="Unit "&B267 -> Unit 7 | E267: 195 | F267: 0 | G267: 4.17 | H267: 0 | L267: =E267*24/1000 -> 4.68 | M267: =G267/L267 -> 0.89102564 | N267: =G267-F267 -> 4.17 | O267: =IF(F267=0,"",G267/F267) | P267: =IF(H267>0,1,0) -> 0 | Q267: =IF(G267=0,1,0) -> 0 | R267: =TEXT(A267,"mmm") -> Jul | S267: =WEEKNUM(A267,2) -> 29 | T267: =IF(A267<DATE(2026,6,30),"1-Pre-outage",IF(A267<DATE(2026,7,5),"2-Transition","3-Outage-heavy")) -> 3-Outage-heavy | U267: =IF(K267="","",IF(ISNUMBER(SEARCH("TURBINE",K267)),"Turbine",IF(ISNUMBER(SEARCH("GENERATOR",K267)),"Generator",IF(ISNUMBER(SEARCH("BOILER",K267)),"Boiler",IF(ISNUMBER(SEARCH("AIR PREHEATER",K267)),"Auxiliary",IF(ISNUMBER(SEARCH("ELECTRICAL",K267)),"Electrical","Other")))))) | V267: =AVERAGEIFS(G:G,B:B,B267,H:H,0) -> 3.98375 | W267: =IF(P267=1,MAX(0,V267-G267),0) -> 0
A268: 46217 | B268: 1 | C268: ="Unit "&B268 -> Unit 1 | D268: S | E268: 110 | F268: 1.84 | G268: 0 | H268: 110 | I268: 46212.001 | K268: GENERATOR MISCLLANEOUS MAINTENANCE | L268: =E268*24/1000 -> 2.64 | M268: =G268/L268 -> 0 | N268: =G268-F268 -> -1.84 | O268: =IF(F268=0,"",G268/F268) -> 0 | P268: =IF(H268>0,1,0) -> 1 | Q268: =IF(G268=0,1,0) -> 1 | R268: =TEXT(A268,"mmm") -> Jul | S268: =WEEKNUM(A268,2) -> 29 | T268: =IF(A268<DATE(2026,6,30),"1-Pre-outage",IF(A268<DATE(2026,7,5),"2-Transition","3-Outage-heavy")) -> 3-Outage-heavy | U268: =IF(K268="","",IF(ISNUMBER(SEARCH("TURBINE",K268)),"Turbine",IF(ISNUMBER(SEARCH("GENERATOR",K268)),"Generator",IF(ISNUMBER(SEARCH("BOILER",K268)),"Boiler",IF(ISNUMBER(SEARCH("AIR PREHEATER",K268)),"Auxiliary",IF(ISNUMBER(SEARCH("ELECTRICAL",K268)),"Electrical","Other")))))) -> Generator | V268: =AVERAGEIFS(G:G,B:B,B268,H:H,0) -> 1.6118182 | W268: =IF(P268=1,MAX(0,V268-G268),0) -> 1.6118182
A269: 46217 | B269: 2 | C269: ="Unit "&B269 -> Unit 2 | E269: 110 | F269: 1.87 | G269: 1.77 | H269: 0 | L269: =E269*24/1000 -> 2.64 | M269: =G269/L269 -> 0.67045455 | N269: =G269-F269 -> -0.1 | O269: =IF(F269=0,"",G269/F269) -> 0.94652406 | P269: =IF(H269>0,1,0) -> 0 | Q269: =IF(G269=0,1,0) -> 0 | R269: =TEXT(A269,"mmm") -> Jul | S269: =WEEKNUM(A269,2) -> 29 | T269: =IF(A269<DATE(2026,6,30),"1-Pre-outage",IF(A269<DATE(2026,7,5),"2-Transition","3-Outage-heavy")) -> 3-Outage-heavy | U269: =IF(K269="","",IF(ISNUMBER(SEARCH("TURBINE",K269)),"Turbine",IF(ISNUMBER(SEARCH("GENERATOR",K269)),"Generator",IF(ISNUMBER(SEARCH("BOILER",K269)),"Boiler",IF(ISNUMBER(SEARCH("AIR PREHEATER",K269)),"Auxiliary",IF(ISNUMBER(SEARCH("ELECTRICAL",K269)),"Electrical","Other")))))) | V269: =AVERAGEIFS(G:G,B:B,B269,H:H,0) -> 1.6795556 | W269: =IF(P269=1,MAX(0,V269-G269),0) -> 0
A270: 46217 | B270: 3 | C270: ="Unit "&B270 -> Unit 3 | E270: 210 | F270: 3.67 | G270: 3.82 | H270: 0 | L270: =E270*24/1000 -> 5.04 | M270: =G270/L270 -> 0.75793651 | N270: =G270-F270 -> 0.15 | O270: =IF(F270=0,"",G270/F270) -> 1.0408719 | P270: =IF(H270>0,1,0) -> 0 | Q270: =IF(G270=0,1,0) -> 0 | R270: =TEXT(A270,"mmm") -> Jul | S270: =WEEKNUM(A270,2) -> 29 | T270: =IF(A270<DATE(2026,6,30),"1-Pre-outage",IF(A270<DATE(2026,7,5),"2-Transition","3-Outage-heavy")) -> 3-Outage-heavy | U270: =IF(K270="","",IF(ISNUMBER(SEARCH("TURBINE",K270)),"Turbine",IF(ISNUMBER(SEARCH("GENERATOR",K270)),"Generator",IF(ISNUMBER(SEARCH("BOILER",K270)),"Boiler",IF(ISNUMBER(SEARCH("AIR PREHEATER",K270)),"Auxiliary",IF(ISNUMBER(SEARCH("ELECTRICAL",K270)),"Electrical","Other")))))) | V270: =AVERAGEIFS(G:G,B:B,B270,H:H,0) -> 3.7269767 | W270: =IF(P270=1,MAX(0,V270-G270),0) -> 0
A271: 46217 | B271: 4 | C271: ="Unit "&B271 -> Unit 4 | D271: S | E271: 210 | F271: 0 | G271: 0 | H271: 210 | I271: 46208 | K271: TURBINE BEARING PROBLEM | L271: =E271*24/1000 -> 5.04 | M271: =G271/L271 -> 0 | N271: =G271-F271 -> 0 | O271: =IF(F271=0,"",G271/F271) | P271: =IF(H271>0,1,0) -> 1 | Q271: =IF(G271=0,1,0) -> 1 | R271: =TEXT(A271,"mmm") -> Jul | S271: =WEEKNUM(A271,2) -> 29 | T271: =IF(A271<DATE(2026,6,30),"1-Pre-outage",IF(A271<DATE(2026,7,5),"2-Transition","3-Outage-heavy")) -> 3-Outage-heavy | U271: =IF(K271="","",IF(ISNUMBER(SEARCH("TURBINE",K271)),"Turbine",IF(ISNUMBER(SEARCH("GENERATOR",K271)),"Generator",IF(ISNUMBER(SEARCH("BOILER",K271)),"Boiler",IF(ISNUMBER(SEARCH("AIR PREHEATER",K271)),"Auxiliary",IF(ISNUMBER(SEARCH("ELECTRICAL",K271)),"Electrical","Other")))))) -> Turbine | V271: =AVERAGEIFS(G:G,B:B,B271,H:H,0) -> 3.5358621 | W271: =IF(P271=1,MAX(0,V271-G271),0) -> 3.5358621
A272: 46217 | B272: 5 | C272: ="Unit "&B272 -> Unit 5 | E272: 210 | F272: 3.81 | G272: 4.11 | H272: 0 | L272: =E272*24/1000 -> 5.04 | M272: =G272/L272 -> 0.81547619 | N272: =G272-F272 -> 0.3 | O272: =IF(F272=0,"",G272/F272) -> 1.0787402 | P272: =IF(H272>0,1,0) -> 0 | Q272: =IF(G272=0,1,0) -> 0 | R272: =TEXT(A272,"mmm") -> Jul | S272: =WEEKNUM(A272,2) -> 29 | T272: =IF(A272<DATE(2026,6,30),"1-Pre-outage",IF(A272<DATE(2026,7,5),"2-Transition","3-Outage-heavy")) -> 3-Outage-heavy | U272: =IF(K272="","",IF(ISNUMBER(SEARCH("TURBINE",K272)),"Turbine",IF(ISNUMBER(SEARCH("GENERATOR",K272)),"Generator",IF(ISNUMBER(SEARCH("BOILER",K272)),"Boiler",IF(ISNUMBER(SEARCH("AIR PREHEATER",K272)),"Auxiliary",IF(ISNUMBER(SEARCH("ELECTRICAL",K272)),"Electrical","Other")))))) | V272: =AVERAGEIFS(G:G,B:B,B272,H:H,0) -> 3.9888889 | W272: =IF(P272=1,MAX(0,V272-G272),0) -> 0
...

Sheet Station_Daily
A1: Date | B1: Capacity_MW | C1: Program_MU | D1: Actual_MU | E1: Coal_Stock_Days | F1: Outage_MW | G1: Remarks | H1: Max_Possible_MU | I1: PLF | J1: Variance_MU | K1: Achievement | L1: Capacity_Available_Pct | M1: Phase | N1: Actual_7D_Avg | O1: Coal_Change_Days | P1: Check_vs_Units
A2: 46179 | B2: 1240 | C2: 23.96 | D2: 22.22 | E2: 15 | F2: 0 | H2: =B2*24/1000 -> 29.76 | I2: =D2/H2 -> 0.74663978 | J2: =D2-C2 -> -1.74 | K2: =IF(C2=0,"",D2/C2) -> 0.92737896 | L2: =(B2-F2)/B2 -> 1 | M2: =IF(A2<DATE(2026,6,30),"1-Pre-outage",IF(A2<DATE(2026,7,5),"2-Transition","3-Outage-heavy")) -> 1-Pre-outage | P2: =ROUND(SUMIFS(Unit_Daily!G:G,Unit_Daily!A:A,A2)-D2,2) -> 0
A3: 46180 | B3: 1240 | C3: 23.96 | D3: 21.88 | E3: 14 | F3: 0 | H3: =B3*24/1000 -> 29.76 | I3: =D3/H3 -> 0.73521505 | J3: =D3-C3 -> -2.08 | K3: =IF(C3=0,"",D3/C3) -> 0.91318865 | L3: =(B3-F3)/B3 -> 1 | M3: =IF(A3<DATE(2026,6,30),"1-Pre-outage",IF(A3<DATE(2026,7,5),"2-Transition","3-Outage-heavy")) -> 1-Pre-outage | O3: =E3-E2 -> -1 | P3: =ROUND(SUMIFS(Unit_Daily!G:G,Unit_Daily!A:A,A3)-D3,2) -> 0
A4: 46181 | B4: 1240 | C4: 23.96 | D4: 21.95 | E4: 14 | F4: 0 | H4: =B4*24/1000 -> 29.76 | I4: =D4/H4 -> 0.7375672 | J4: =D4-C4 -> -2.01 | K4: =IF(C4=0,"",D4/C4) -> 0.91611018 | L4: =(B4-F4)/B4 -> 1 | M4: =IF(A4<DATE(2026,6,30),"1-Pre-outage",IF(A4<DATE(2026,7,5),"2-Transition","3-Outage-heavy")) -> 1-Pre-outage | O4: =E4-E3 -> 0 | P4: =ROUND(SUMIFS(Unit_Daily!G:G,Unit_Daily!A:A,A4)-D4,2) -> 0
A5: 46182 | B5: 1240 | C5: 23.96 | D5: 22.45 | E5: 14 | F5: 0 | H5: =B5*24/1000 -> 29.76 | I5: =D5/H5 -> 0.75436828 | J5: =D5-C5 -> -1.51 | K5: =IF(C5=0,"",D5/C5) -> 0.9369783 | L5: =(B5-F5)/B5 -> 1 | M5: =IF(A5<DATE(2026,6,30),"1-Pre-outage",IF(A5<DATE(2026,7,5),"2-Transition","3-Outage-heavy")) -> 1-Pre-outage | O5: =E5-E4 -> 0 | P5: =ROUND(SUMIFS(Unit_Daily!G:G,Unit_Daily!A:A,A5)-D5,2) -> 0
A6: 46183 | B6: 1240 | C6: 23.96 | D6: 22.6 | E6: 14 | F6: 0 | H6: =B6*24/1000 -> 29.76 | I6: =D6/H6 -> 0.7594086 | J6: =D6-C6 -> -1.36 | K6: =IF(C6=0,"",D6/C6) -> 0.94323873 | L6: =(B6-F6)/B6 -> 1 | M6: =IF(A6<DATE(2026,6,30),"1-Pre-outage",IF(A6<DATE(2026,7,5),"2-Transition","3-Outage-heavy")) -> 1-Pre-outage | O6: =E6-E5 -> 0 | P6: =ROUND(SUMIFS(Unit_Daily!G:G,Unit_Daily!A:A,A6)-D6,2) -> 0
A7: 46184 | B7: 1240 | C7: 23.96 | D7: 22.28 | E7: 14 | F7: 0 | H7: =B7*24/1000 -> 29.76 | I7: =D7/H7 -> 0.74865591 | J7: =D7-C7 -> -1.68 | K7: =IF(C7=0,"",D7/C7) -> 0.92988314 | L7: =(B7-F7)/B7 -> 1 | M7: =IF(A7<DATE(2026,6,30),"1-Pre-outage",IF(A7<DATE(2026,7,5),"2-Transition","3-Outage-heavy")) -> 1-Pre-outage | O7: =E7-E6 -> 0 | P7: =ROUND(SUMIFS(Unit_Daily!G:G,Unit_Daily!A:A,A7)-D7,2) -> 0
A8: 46185 | B8: 1240 | C8: 23.96 | D8: 21.58 | E8: 14 | F8: 0 | H8: =B8*24/1000 -> 29.76 | I8: =D8/H8 -> 0.72513441 | J8: =D8-C8 -> -2.38 | K8: =IF(C8=0,"",D8/C8) -> 0.90066778 | L8: =(B8-F8)/B8 -> 1 | M8: =IF(A8<DATE(2026,6,30),"1-Pre-outage",IF(A8<DATE(2026,7,5),"2-Transition","3-Outage-heavy")) -> 1-Pre-outage | N8: =AVERAGE(D2:D8) -> 22.137143 | O8: =E8-E7 -> 0 | P8: =ROUND(SUMIFS(Unit_Daily!G:G,Unit_Daily!A:A,A8)-D8,2) -> 0
A9: 46186 | B9: 1240 | C9: 23.96 | D9: 21.74 | E9: 14 | F9: 0 | H9: =B9*24/1000 -> 29.76 | I9: =D9/H9 -> 0.73051075 | J9: =D9-C9 -> -2.22 | K9: =IF(C9=0,"",D9/C9) -> 0.90734558 | L9: =(B9-F9)/B9 -> 1 | M9: =IF(A9<DATE(2026,6,30),"1-Pre-outage",IF(A9<DATE(2026,7,5),"2-Transition","3-Outage-heavy")) -> 1-Pre-outage | N9: =AVERAGE(D3:D9) -> 22.068571 | O9: =E9-E8 -> 0 | P9: =ROUND(SUMIFS(Unit_Daily!G:G,Unit_Daily!A:A,A9)-D9,2) -> 0
A10: 46187 | B10: 1240 | C10: 23.96 | D10: 21.02 | E10: 13 | F10: 0 | H10: =B10*24/1000 -> 29.76 | I10: =D10/H10 -> 0.7063172 | J10: =D10-C10 -> -2.94 | K10: =IF(C10=0,"",D10/C10) -> 0.87729549 | L10: =(B10-F10)/B10 -> 1 | M10: =IF(A10<DATE(2026,6,30),"1-Pre-outage",IF(A10<DATE(2026,7,5),"2-Transition","3-Outage-heavy")) -> 1-Pre-outage | N10: =AVERAGE(D4:D10) -> 21.945714 | O10: =E10-E9 -> -1 | P10: =ROUND(SUMIFS(Unit_Daily!G:G,Unit_Daily!A:A,A10)-D10,2) -> 0
A11: 46188 | B11: 1240 | C11: 19.96 | D11: 21.3 | E11: 13 | F11: 0 | H11: =B11*24/1000 -> 29.76 | I11: =D11/H11 -> 0.71572581 | J11: =D11-C11 -> 1.34 | K11: =IF(C11=0,"",D11/C11) -> 1.0671343 | L11: =(B11-F11)/B11 -> 1 | M11: =IF(A11<DATE(2026,6,30),"1-Pre-outage",IF(A11<DATE(2026,7,5),"2-Transition","3-Outage-heavy")) -> 1-Pre-outage | N11: =AVERAGE(D5:D11) -> 21.852857 | O11: =E11-E10 -> 0 | P11: =ROUND(SUMIFS(Unit_Daily!G:G,Unit_Daily!A:A,A11)-D11,2) -> 0
A12: 46189 | B12: 1240 | C12: 19.96 | D12: 22.49 | E12: 13 | F12: 0 | H12: =B12*24/1000 -> 29.76 | I12: =D12/H12 -> 0.75571237 | J12: =D12-C12 -> 2.53 | K12: =IF(C12=0,"",D12/C12) -> 1.1267535 | L12: =(B12-F12)/B12 -> 1 | M12: =IF(A12<DATE(2026,6,30),"1-Pre-outage",IF(A12<DATE(2026,7,5),"2-Transition","3-Outage-heavy")) -> 1-Pre-outage | N12: =AVERAGE(D6:D12) -> 21.858571 | O12: =E12-E11 -> 0 | P12: =ROUND(SUMIFS(Unit_Daily!G:G,Unit_Daily!A:A,A12)-D12,2) -> 0
A13: 46190 | B13: 1240 | C13: 19.96 | D13: 22.35 | E13: 13 | F13: 0 | H13: =B13*24/1000 -> 29.76 | I13: =D13/H13 -> 0.75100806 | J13: =D13-C13 -> 2.39 | K13: =IF(C13=0,"",D13/C13) -> 1.1197395 | L13: =(B13-F13)/B13 -> 1 | M13: =IF(A13<DATE(2026,6,30),"1-Pre-outage",IF(A13<DATE(2026,7,5),"2-Transition","3-Outage-heavy")) -> 1-Pre-outage | N13: =AVERAGE(D7:D13) -> 21.822857 | O13: =E13-E12 -> 0 | P13: =ROUND(SUMIFS(Unit_Daily!G:G,Unit_Daily!A:A,A13)-D13,2) -> 0
A14: 46191 | B14: 1240 | C14: 19.96 | D14: 23.1 | E14: 13 | F14: 0 | H14: =B14*24/1000 -> 29.76 | I14: =D14/H14 -> 0.77620968 | J14: =D14-C14 -> 3.14 | K14: =IF(C14=0,"",D14/C14) -> 1.1573146 | L14: =(B14-F14)/B14 -> 1 | M14: =IF(A14<DATE(2026,6,30),"1-Pre-outage",IF(A14<DATE(2026,7,5),"2-Transition","3-Outage-heavy")) -> 1-Pre-outage | N14: =AVERAGE(D8:D14) -> 21.94 | O14: =E14-E13 -> 0 | P14: =ROUND(SUMIFS(Unit_Daily!G:G,Unit_Daily!A:A,A14)-D14,2) -> 0
A15: 46192 | B15: 1240 | C15: 19.96 | D15: 23.03 | E15: 13 | F15: 0 | H15: =B15*24/1000 -> 29.76 | I15: =D15/H15 -> 0.77385753 | J15: =D15-C15 -> 3.07 | K15: =IF(C15=0,"",D15/C15) -> 1.1538076 | L15: =(B15-F15)/B15 -> 1 | M15: =IF(A15<DATE(2026,6,30),"1-Pre-outage",IF(A15<DATE(2026,7,5),"2-Transition","3-Outage-heavy")) -> 1-Pre-outage | N15: =AVERAGE(D9:D15) -> 22.147143 | O15: =E15-E14 -> 0 | P15: =ROUND(SUMIFS(Unit_Daily!G:G,Unit_Daily!A:A,A15)-D15,2) -> 0
A16: 46193 | B16: 1240 | C16: 19.96 | D16: 23.61 | E16: 12 | F16: 0 | H16: =B16*24/1000 -> 29.76 | I16: =D16/H16 -> 0.79334677 | J16: =D16-C16 -> 3.65 | K16: =IF(C16=0,"",D16/C16) -> 1.1828657 | L16: =(B16-F16)/B16 -> 1 | M16: =IF(A16<DATE(2026,6,30),"1-Pre-outage",IF(A16<DATE(2026,7,5),"2-Transition","3-Outage-heavy")) -> 1-Pre-outage | N16: =AVERAGE(D10:D16) -> 22.414286 | O16: =E16-E15 -> -1 | P16: =ROUND(SUMIFS(Unit_Daily!G:G,Unit_Daily!A:A,A16)-D16,2) -> 0
A17: 46194 | B17: 1240 | C17: 19.96 | D17: 21.8 | E17: 13 | F17: 0 | H17: =B17*24/1000 -> 29.76 | I17: =D17/H17 -> 0.73252688 | J17: =D17-C17 -> 1.84 | K17: =IF(C17=0,"",D17/C17) -> 1.0921844 | L17: =(B17-F17)/B17 -> 1 | M17: =IF(A17<DATE(2026,6,30),"1-Pre-outage",IF(A17<DATE(2026,7,5),"2-Transition","3-Outage-heavy")) -> 1-Pre-outage | N17: =AVERAGE(D11:D17) -> 22.525714 | O17: =E17-E16 -> 1 | P17: =ROUND(SUMIFS(Unit_Daily!G:G,Unit_Daily!A:A,A17)-D17,2) -> 0
A18: 46195 | B18: 1240 | C18: 19.96 | D18: 21.79 | E18: 12 | F18: 0 | H18: =B18*24/1000 -> 29.76 | I18: =D18/H18 -> 0.73219086 | J18: =D18-C18 -> 1.83 | K18: =IF(C18=0,"",D18/C18) -> 1.0916834 | L18: =(B18-F18)/B18 -> 1 | M18: =IF(A18<DATE(2026,6,30),"1-Pre-outage",IF(A18<DATE(2026,7,5),"2-Transition","3-Outage-heavy")) -> 1-Pre-outage | N18: =AVERAGE(D12:D18) -> 22.595714 | O18: =E18-E17 -> -1 | P18: =ROUND(SUMIFS(Unit_Daily!G:G,Unit_Daily!A:A,A18)-D18,2) -> 0
A19: 46196 | B19: 1240 | C19: 19.96 | D19: 22.3 | E19: 12 | F19: 0 | H19: =B19*24/1000 -> 29.76 | I19: =D19/H19 -> 0.74932796 | J19: =D19-C19 -> 2.34 | K19: =IF(C19=0,"",D19/C19) -> 1.1172345 | L19: =(B19-F19)/B19 -> 1 | M19: =IF(A19<DATE(2026,6,30),"1-Pre-outage",IF(A19<DATE(2026,7,5),"2-Transition","3-Outage-heavy")) -> 1-Pre-outage | N19: =AVERAGE(D13:D19) -> 22.568571 | O19: =E19-E18 -> 0 | P19: =ROUND(SUMIFS(Unit_Daily!G:G,Unit_Daily!A:A,A19)-D19,2) -> 0
... A46: 46223 | B46: 1240 | C46: 11.36 | D46: 18.24 | E46: 15 | F46: 320 | H46: =B46*24/1000 -> 29.76 | I46: =D46/H46 -> 0.61290323 | J46: =D46-C46 -> 6.88 | K46: =IF(C46=0,"",D46/C46) -> 1.6056338 | L46: =(B46-F46)/B46 -> 0.74193548 | M46: =IF(A46<DATE(2026,6,30),"1-Pre-outage",IF(A46<DATE(2026,7,5),"2-Transition","3-Outage-heavy")) -> 3-Outage-heavy | N46: =AVERAGE(D40:D46) -> 17.062857 | O46: =E46-E45 -> 0 | P46: =ROUND(SUMIFS(Unit_Daily!G:G,Unit_Daily!A:A,A46)-D46,2) -> 0

Sheet Unit_Reference
A1: Unit | B1: Monitored Capacity (MW)
A2: Unit 1 | B2: 110
A3: Unit 2 | B3: 110
A4: Unit 3 | B4: 210
A5: Unit 4 | B5: 210
A6: Unit 5 | B6: 210
A7: Unit 6 | B7: 195
A8: Unit 7 | B8: 195
A9: Station Total | B9: 1240

Sheet Data_Quality
A1: Check | B1: Result
A2: Expected date range | B2: 06-Jun-2026 to 20-Jul-2026
A3: Expected daily files | B3: 45
A4: Daily files successfully parsed | B4: 45
A5: Expected Kota records (8 x 45) | B5: 360
A6: Kota records extracted | B6: 360
A7: Missing source files | B7: 0
A8: Data-quality flags | B8: 0

Sheet Data_Dictionary
A1: Sheet | B1: Field | C1: Meaning | D1: How calculated / source
A2: Unit_Daily | B2: Date | C2: Calendar date of the daily report | D2: Raw, from NPP Report 02
A3: Unit_Daily | B3: Unit | C3: Unit number 1-7 | D3: Raw
A4: Unit_Daily | B4: Unit_Label | C4: Text label e.g. "Unit 1" | D4: Concatenates "Unit " with the Unit number
A5: Unit_Daily | B5: Status | C5: Status code on the report (S = under outage, * = day unit resynced). Confirm against NPP legend. | D5: Raw
A6: Unit_Daily | B6: Capacity_MW | C6: Installed/monitored capacity of the unit | D6: Raw
A7: Unit_Daily | B7: Program_MU | C7: Scheduled generation target for the day (million units) | D7: Raw
A8: Unit_Daily | B8: Actual_MU | C8: Actual generation for the day (million units) | D8: Raw
A9: Unit_Daily | B9: Outage_MW | C9: Capacity under outage that day | D9: Raw
A10: Unit_Daily | B10: Outage_DateTime / Sync_DateTime | C10: When the outage started / unit resynced | D10: Raw
A11: Unit_Daily | B11: Remarks | C11: Reason for outage, free text | D11: Raw
A12: Unit_Daily | B12: Max_Possible_MU | C12: Max possible generation if running at full capacity all day | D12: Capacity_MW*24/1000
... A27: All | B27: Phase definition | C27: 1-Pre-outage: 6-29 Jun | 2-Transition: 30 Jun-4 Jul | 3-Outage-heavy: 5-20 Jul | D27: Chosen from the outage pattern in this dataset
A29: LIMITATIONS
A30: • No heat rate, fuel/coal consumption, or auxiliary power consumption data is present, so true thermal efficiency cannot be calculated from this dataset.
A31: • Only 45 days of data (6 Jun - 20 Jul 2026) — not enough to draw seasonal conclusions.
A32: • Est_Loss_MU is an analyst estimate against each unit's own baseline, not an official utility-reported loss figure.
A33: • Status code meanings (S, *) are inferred from the pattern in the data and should be confirmed against the official NPP report legend.
